Time,Position,Symbol,Type,Volume,Entry,SL,TP,CloseTime,Exit,Commission,Swap,Profit
2026.02.10 10:48:28,511749575,GBPUSDm,sell,0.01,1.36647,1.36746,,2026.02.10 11:13:04,1.36645,0,0,0.02
2026.02.10 12:30:03,511797401,GBPUSDm,sell,0.01,1.36788,1.36967,1.36574,2026.02.10 14:30:13,1.36967,0,0,-1.79
2026.02.11 11:53:44,512345641,GBPUSDm,buy,0.02,1.36953,1.36854,1.37129,2026.02.11 12:09:52,1.36854,0,0,-1.98
2026.02.11 12:06:28,512353199,GBPUSDm,buy,0.02,1.36883,1.36855,,2026.02.11 12:08:18,1.36855,0,0,-0.56
2026.02.12 06:18:30,512788748,GBPUSDm,buy,0.01,1.36164,1.36078,,2026.02.12 06:32:23,1.36078,0,0,-0.86
2026.02.12 08:47:06,512853341,GBPUSDm,buy,0.01,1.36284,1.3624,1.37122,2026.02.12 12:54:26,1.3624,0,0,-0.44
2026.02.12 10:16:12,512893367,GBPUSDm,buy,0.01,1.36397,1.36239,1.37119,2026.02.12 12:54:26,1.36239,0,0,-1.58
2026.02.16 11:00:32,514235176,GBPUSDm,sell,0.01,1.36495,1.36641,1.36274,2026.02.16 13:36:14,1.36305,0,0,1.9
2026.02.16 14:19:54,514327313,GBPUSDm,sell,0.01,1.3636,1.36498,,2026.02.16 16:12:01,1.36339,0,0,0.21
2026.02.17 08:53:00,514649254,EURUSDm,sell,0.03,1.18429,1.18499,,2026.02.17 09:35:05,1.18499,0,0,-2.1
2026.02.18 09:45:23,515224254,GBPUSDm,buy,0.01,1.35674,1.35647,,2026.02.18 10:48:24,1.35733,0,0,0.59
2026.02.18 10:27:19,515243388,GBPUSDm,buy,0.01,1.35805,1.35653,,2026.02.18 10:48:24,1.35733,0,0,-0.72
2026.02.18 10:50:58,515255362,EURUSDm,sell,0.01,1.18339,1.18488,,2026.02.18 12:36:24,1.18466,0,0,-1.27
2026.02.18 10:53:26,515256468,EURUSDm,sell,0.01,1.18349,1.1849,,2026.02.18 12:36:28,1.18463,0,0,-1.14
2026.02.18 13:54:25,515362551,EURUSDm,sell,0.01,1.18292,1.1851,,2026.02.18 18:42:02,1.17913,0,0,3.79
2026.02.19 07:30:57,515697197,EURUSDm,buy,0.01,1.17965,1.17801,,2026.02.19 09:43:07,1.17986,0,0,0.21
2026.02.19 13:33:06,515893311,XAUUSDm,buy,0.01,4984,4971.631,,2026.02.19 14:10:39,4973.779,0,0,-10.22
2026.02.20 07:16:36,516358845,GBPUSDm,sell,0.01,1.34591,1.34723,1.34335,2026.02.20 08:10:44,1.3438,0,0,2.11
2026.02.20 07:17:08,516359013,GBPUSDm,sell,0.01,1.34591,1.34723,,2026.02.20 08:10:59,1.34386,0,0,2.05
2026.02.20 08:30:15,516406546,GBPUSDm,sell,0.01,1.34502,1.34697,,2026.02.20 09:30:01,1.34697,0,0,-1.95
2026.02.20 13:02:39,516564448,XAUUSDm,buy,0.01,5026.157,5026.236,,2026.02.20 13:08:28,5026.236,0,0,0.08
2026.02.20 13:35:02,516582794,EURUSDm,sell,0.01,1.17607,1.17877,,2026.02.20 15:01:42,1.17877,0,0,-2.7
2026.02.23 07:20:39,517337184,GBPUSDm,buy,0.01,1.35263,1.35117,1.3552,2026.02.23 08:31:09,1.35117,0,0,-1.46
2026.02.23 07:21:02,517337332,EURUSDm,buy,0.01,1.18244,1.18141,,2026.02.23 08:25:51,1.18141,0,0,-1.03
2026.02.23 07:26:46,517340918,GBPUSDm,buy,0.02,1.35272,1.35228,,2026.02.23 07:31:12,1.35228,0,0,-0.88
2026.02.23 13:45:20,517522093,GBPUSDm,sell,0.01,1.35041,1.35141,,2026.02.23 14:36:02,1.35141,0,0,-1
2026.02.23 13:51:43,517524980,GBPUSDm,sell,0.01,1.34994,1.3511,1.34757,2026.02.23 14:16:11,1.3511,0,0,-1.16
2026.02.24 07:00:56,517878277,GBPUSDm,sell,0.02,1.34843,1.34933,1.34592,2026.02.24 09:11:42,1.34933,0,0,-1.8
2026.02.24 11:15:48,517990135,EURUSDm,buy,0.02,1.17848,1.17709,,2026.02.24 13:45:16,1.17709,0,0,-2.78
2026.02.25 08:02:40,518536477,GBPUSDm,sell,0.04,1.3529,1.35385,1.34999,2026.02.25 08:15:16,1.35188,0,0,4.08
2026.02.26 11:41:08,519271736,EURUSDm,buy,0.01,1.18033,1.17702,,2026.02.27 19:39:51,1.18208,0,0,1.75
2026.02.26 11:47:45,519274055,EURUSDm,buy,0.01,1.18029,1.17928,,2026.02.26 15:24:45,1.17928,0,0,-1.01
2026.02.26 14:17:43,519370053,EURUSDm,buy,0.01,1.18058,1.18016,,2026.02.26 15:16:19,1.18016,0,0,-0.42
2026.02.27 09:55:06,519777916,GBPUSDm,buy,0.01,1.34887,1.34607,,2026.02.27 13:28:54,1.34607,0,0,-2.8
2026.02.27 11:13:13,519828512,GBPUSDm,buy,0.01,1.34774,1.34612,,2026.02.27 13:05:23,1.34612,0,0,-1.62
2026.02.27 13:33:44,519920513,GBPUSDm,buy,0.01,1.34564,1.34445,,2026.02.27 13:37:47,1.34445,0,0,-1.19
2026.02.27 14:03:19,519946578,GBPUSDm,buy,0.01,1.3446,1.34463,,2026.02.27 19:39:51,1.34815,0,0,3.55
2026.03.01 23:12:55,520614282,US500m,buy,0.03,6830.17,6804.47,,2026.03.02 00:16:02,6804.47,0,0,-0.77
2026.03.02 09:01:11,520947180,GBPUSDm,sell,0.01,1.33516,1.3374,,2026.03.02 09:17:38,1.3374,0,0,-2.24
2026.03.03 14:19:29,522097198,GBPUSDm,buy,0.01,1.33066,1.32794,,2026.03.03 15:07:43,1.32794,0,0,-2.72
2026.03.03 14:27:01,522104653,GBPUSDm,buy,0.01,1.33001,1.32919,,2026.03.03 14:43:29,1.32919,0,0,-0.82
2026.03.03 14:52:06,522142083,GBPUSDm,buy,0.01,1.32918,1.32802,,2026.03.03 15:03:15,1.32802,0,0,-1.16
2026.03.04 07:02:23,522634320,GBPUSDm,sell,0.02,1.33371,1.33434,,2026.03.04 07:16:37,1.33434,0,0,-1.26
2026.03.04 11:38:49,522866943,GBPUSDm,buy,0.01,1.33883,1.33706,,2026.03.04 12:24:25,1.33706,0,0,-1.77
2026.03.04 12:04:06,522881999,GBPUSDm,buy,0.01,1.33853,1.33708,,2026.03.04 12:24:25,1.33708,0,0,-1.45
2026.03.05 07:59:52,523486559,GBPUSDm,sell,0.01,1.33409,1.337,,2026.03.05 09:08:04,1.337,0,0,-2.91
2026.03.09 10:38:21,526591223,GBPUSDm,buy,0.02,1.33398,1.33257,,2026.03.09 10:50:25,1.33257,0,0,-2.82
2026.03.09 14:25:15,526746033,GBPUSDm,buy,0.01,1.33616,1.33452,,2026.03.09 15:15:45,1.33956,0,0,3.4
2026.03.10 12:18:55,527459119,GBPUSDm,buy,0.03,1.34391,1.34306,1.3467,2026.03.10 12:30:27,1.34306,0,0,-2.55
2026.03.10 13:40:17,527547088,GBPUSDm,sell,0.01,1.34612,1.34689,,2026.03.10 14:59:12,1.34689,0,0,-0.77
2026.03.10 13:46:05,527553078,GBPUSDm,sell,0.01,1.34498,1.34688,,2026.03.10 14:58:58,1.34688,0,0,-1.9
2026.03.11 11:51:40,528303681,GBPUSDm,buy,0.01,1.34353,1.34002,1.35746,2026.03.11 12:50:26,1.34002,0,0,-3.51
2026.03.11 12:23:37,528330528,GBPUSDm,buy,0.01,1.34264,1.34002,,2026.03.11 12:50:26,1.34002,0,0,-2.62
2026.03.11 13:53:03,528447701,GBPUSDm,sell,0.01,1.34107,1.34241,1.33806,2026.03.11 14:00:48,1.34241,0,0,-1.34
2026.03.12 08:50:37,529080583,GBPUSDm,buy,0.05,1.33848,1.3376,,2026.03.12 08:52:36,1.3376,0,0,-4.4
2026.03.12 09:08:36,529087784,GBPUSDm,buy,0.02,1.33794,1.33606,,2026.03.12 11:53:48,1.33973,0,0,3.58
2026.03.12 13:16:10,529246943,GBPUSDm,sell,0.03,1.33785,1.33936,,2026.03.12 14:35:13,1.33594,0,0,5.73
2026.03.12 13:16:50,529247698,GBPUSDm,sell,0.01,1.33798,1.34123,,2026.03.12 14:35:13,1.33594,0,0,2.04
2026.03.13 10:33:37,529982486,GBPUSDm,buy,0.05,1.32587,1.32487,,2026.03.13 10:59:05,1.32592,0,0,0.25
2026.03.13 11:00:27,529997132,GBPUSDm,buy,0.05,1.32601,1.32501,,2026.03.13 11:10:51,1.32501,0,0,-5
2026.03.13 14:46:32,530155576,GBPUSDm,sell,0.02,1.32642,1.32862,,2026.03.13 15:04:04,1.3256,0,0,1.64
2026.03.16 08:36:26,531050297,GBPUSDm,sell,0.02,1.32465,1.3257,,2026.03.16 09:49:06,1.3257,0,0,-2.1
2026.03.16 08:50:02,531058290,GBPUSDm,sell,0.02,1.32451,1.32565,,2026.03.16 09:48:49,1.32565,0,0,-2.28
2026.03.16 16:12:06,531385160,GBPUSDm,buy,0.01,1.33048,1.3294,,2026.03.16 16:22:31,1.3294,0,0,-1.08
2026.03.17 07:46:30,531708200,GBPUSDm,sell,0.05,1.33077,1.33177,1.32731,2026.03.17 08:39:46,1.33143,0,0,-3.28
2026.03.17 14:07:05,531916977,GBPUSDm,buy,0.02,1.33516,1.33394,,2026.03.17 14:25:22,1.33394,0,0,-2.44
2026.03.17 14:32:37,531933711,GBPUSDm,buy,0.02,1.33482,1.33382,,2026.03.17 15:34:54,1.33382,0,0,-2
2026.03.18 08:22:10,532336626,GBPUSDm,sell,0.01,1.33474,1.33765,,2026.03.18 09:42:44,1.33572,0,0,-0.98
2026.03.18 09:08:22,532363984,GBPUSDm,sell,0.02,1.33457,1.33611,,2026.03.18 09:43:06,1.33578,0,0,-2.42
2026.03.18 10:16:32,532397623,GBPUSDm,sell,0.02,1.33586,1.33754,,2026.03.18 12:28:38,1.33359,0,0,4.54
2026.03.18 10:17:03,532398010,GBPUSDm,sell,0.02,1.33585,1.33756,,2026.03.18 12:28:38,1.33359,0,0,4.52
2026.03.18 16:07:48,532694662,GBPUSDm,buy,0.02,1.33239,1.3302,1.34846,2026.03.18 18:49:46,1.3302,0,0,-4.38
2026.03.19 09:38:02,533192028,GBPUSDm,sell,0.01,1.32672,1.32998,,2026.03.19 12:00:03,1.33047,0,0,-3.75
2026.03.19 09:38:48,533192538,GBPUSDm,sell,0.01,1.32701,1.32999,,2026.03.19 12:00:03,1.32999,0,0,-2.98
2026.03.19 10:13:32,533210654,GBPUSDm,sell,0.01,1.32827,1.32996,,2026.03.19 12:00:03,1.33047,0,0,-2.2
2026.03.19 12:16:08,533304263,GBPUSDm,sell,0.02,1.32968,1.32957,,2026.03.19 12:42:28,1.32957,0,0,0.22
2026.03.20 09:28:47,533841180,GBPUSDm,buy,0.06,1.34041,1.33969,1.34672,2026.03.20 09:40:23,1.33969,0,0,-4.32
2026.03.23 08:42:20,534967743,GBPUSDm,sell,0.02,1.33174,1.33163,1.32819,2026.03.23 09:35:25,1.32917,0,0,5.14
2026.03.23 13:41:34,535193022,GBPUSDm,buy,0.01,1.34054,1.3385,1.34348,2026.03.23 14:18:20,1.34345,0,0,2.91
2026.03.24 08:06:29,535600238,GBPUSDm,sell,0.01,1.34237,,,2026.03.24 08:06:54,1.34253,0,0,-0.16
2026.03.24 08:06:58,535600735,GBPUSDm,buy,0.01,1.34253,1.33957,1.34785,2026.03.24 08:50:47,1.33957,0,0,-2.96
2026.03.24 08:23:27,535610754,GBPUSDm,buy,0.01,1.34115,1.33957,,2026.03.24 08:50:47,1.33957,0,0,-1.58
2026.03.24 09:10:03,535638030,GBPUSDm,buy,0.03,1.33939,1.33833,1.34791,2026.03.24 09:30:02,1.33833,0,0,-3.18
2026.03.24 09:10:49,535638578,GBPUSDm,buy,0.03,1.33931,1.33758,,2026.03.24 12:07:17,1.33931,0,0,0
2026.03.24 12:32:26,535761799,GBPUSDm,sell,0.02,1.33999,1.34156,1.33415,2026.03.24 14:19:06,1.33995,0,0,0.08
2026.03.24 15:24:52,535879238,GBPUSDm,buy,0.01,1.34011,1.33641,,2026.03.24 17:05:12,1.33641,0,0,-3.7
2026.03.25 07:16:26,536181208,GBPUSDm,sell,0.03,1.33902,1.34015,,2026.03.25 08:06:54,1.34015,0,0,-3.39
2026.03.25 08:31:42,536234294,GBPUSDm,sell,0.03,1.34187,1.34329,1.33685,2026.03.25 13:57:52,1.3376,0,0,12.81
2026.03.25 13:45:02,536431795,XAUUSDm,sell,0.01,4561.377,4554.283,,2026.03.25 14:11:53,4554.283,0,0,7.1
2026.03.25 14:19:09,536461013,XAUUSDm,sell,0.01,4559.515,4559.28,,2026.03.25 14:27:58,4559.28,0,0,0.24
2026.03.25 14:31:09,536469250,XAUUSDm,sell,0.01,4559.3,4577.277,4532.501,2026.03.25 14:50:56,4577.277,0,0,-17.98
2026.03.25 16:13:09,536527775,XAUUSDm,sell,0.01,4555.595,4566.352,4525.076,2026.03.25 16:21:58,4546.644,0,0,8.96
2026.03.26 05:56:39,536764196,GBPUSDm,buy,0.03,1.33582,1.33479,1.33928,2026.03.26 07:20:13,1.33479,0,0,-3.09
2026.03.26 06:01:50,536768249,GBPUSDm,buy,0.03,1.33562,1.3348,,2026.03.26 06:04:24,1.3356,0,0,-0.06
2026.03.26 09:39:13,536877666,XAUUSDm,sell,0.01,4424.525,4440.787,4412.149,2026.03.26 09:53:13,4418.976,0,0,5.55
2026.03.26 12:10:41,536955784,XAUUSDm,sell,0.01,4445.168,4444.933,4433.476,2026.03.26 12:26:30,4437.799,0,0,7.37
2026.03.26 15:48:17,537097595,XAUUSDm,buy,0.01,4444.186,4436.24,,2026.03.26 15:57:26,4436.24,0,0,-7.95
2026.03.26 16:42:13,537128313,GBPUSDm,buy,0.03,1.33379,1.3321,,2026.03.26 17:55:35,1.3321,0,0,-5.07
2026.03.31 06:07:14,538602131,GBPUSDm,buy,0.01,1.32004,1.31587,1.32532,2026.03.31 12:48:54,1.32433,0,0,4.29
2026.03.31 11:15:00,538738539,GBPUSDm,buy,0.01,1.31987,1.31784,,2026.03.31 11:44:44,1.32283,0,0,2.96
2026.03.31 15:54:25,538924451,XAUUSDm,buy,0.01,4619.48,4594.765,,2026.03.31 16:41:44,4644.951,0,0,25.47
2026.03.31 17:37:49,538976082,GBPUSDm,sell,0.03,1.32342,1.32665,,2026.04.01 05:37:40,1.3242,0,0,-2.34
2026.04.01 05:02:58,539130432,GBPUSDm,sell,0.02,1.32436,1.32563,,2026.04.01 05:25:43,1.32563,0,0,-2.54
2026.04.06 14:07:34,540822975,XAUUSDm,buy,0.01,4669.489,4669.625,4706.725,2026.04.06 14:20:40,4683.674,0,0,14.18
2026.04.07 10:35:41,541206132,GBPUSDm,buy,0.03,1.32525,1.32383,,2026.04.07 10:43:56,1.32383,0,0,-4.26
2026.04.07 11:26:43,541237874,GBPUSDm,buy,0.03,1.32459,1.32461,1.32849,2026.04.07 16:05:01,1.32461,0,0,0.06
2026.04.08 08:53:43,541738935,GBPUSDm,buy,0.02,1.34257,1.34058,1.34459,2026.04.08 11:09:10,1.34459,0,0,4.04
2026.04.08 14:01:40,541903321,GBPUSDm,buy,0.03,1.34534,1.34397,1.3484,2026.04.08 14:46:38,1.34397,0,0,-4.11
2026.04.09 12:46:22,542347700,GBPUSDm,buy,0.05,1.34115,1.34061,,2026.04.09 14:52:13,1.34083,0,0,-1.62
2026.04.09 12:51:20,542350636,GBPUSDm,buy,0.03,1.34154,1.3406,,2026.04.09 14:52:14,1.3406,0,0,-2.82
2026.04.09 14:16:53,542411268,GBPUSDm,buy,0.03,1.34235,1.34061,1.34602,2026.04.09 14:52:13,1.34061,0,0,-5.22
2026.04.09 15:00:02,542440617,GBPUSDm,buy,0.03,1.34155,1.34035,,2026.04.09 15:12:07,1.34035,0,0,-3.6
2026.04.10 07:21:50,542703739,GBPUSDm,sell,0.03,1.34207,1.34333,,2026.04.10 09:19:15,1.34333,0,0,-3.78
2026.04.10 07:27:40,542706046,GBPUSDm,sell,0.03,1.34237,1.34336,,2026.04.10 09:19:15,1.34336,0,0,-2.97
2026.04.10 10:22:07,542774226,GBPUSDm,buy,0.01,1.34409,1.34159,,2026.04.10 10:22:30,1.34402,0,0,-0.07
2026.04.10 11:07:54,542788946,GBPUSDm,buy,0.01,1.34402,1.34163,1.34767,2026.04.10 14:23:30,1.34767,0,0,3.65
2026.04.10 19:23:29,543035161,XAUUSDm,buy,0.01,4768.281,4762.767,,2026.04.10 19:30:01,4762.767,0,0,-5.51
2026.04.13 12:57:04,543514422,GBPUSDm,sell,0.03,1.34368,1.34473,1.34153,2026.04.13 13:31:17,1.34473,0,0,-3.15
2026.04.14 07:44:26,543878226,XAUUSDm,buy,0.01,4776.639,4767.654,4787.07,2026.04.14 08:15:31,4779.697,0,0,3.06
2026.04.15 08:57:56,544330654,XAUUSDm,sell,0.01,4817.205,4825.974,4803.86,2026.04.15 09:08:17,4810.615,0,0,6.59
2026.04.16 06:48:14,544815758,GBPUSDm,buy,0.03,1.35701,1.35604,1.35946,2026.04.16 07:50:44,1.35604,0,0,-2.91
2026.04.16 07:13:01,544826417,XAUUSDm,sell,0.01,4826.473,4831.994,4814.089,2026.04.16 07:21:13,4820.066,0,0,6.4
2026.04.16 12:35:20,544955774,XAUUSDm,buy,0.01,4819.89,4811.263,4838.35,2026.04.16 13:48:02,4811.263,0,0,-8.63
2026.04.16 12:38:18,544957234,XAUUSDm,buy,0.01,4815.291,4811.291,,2026.04.16 13:48:02,4811.291,0,0,-4
2026.04.16 16:14:15,545089872,XAUUSDm,sell,0.01,4804.526,4813.594,4785.766,2026.04.16 16:26:53,4799.376,0,0,5.15
2026.04.17 07:06:30,545270641,XAUUSDm,buy,0.01,4788.114,4779.042,4795.34,2026.04.17 07:50:19,4779.042,0,0,-9.07
2026.04.17 11:01:00,545363662,XAUUSDm,buy,0.01,4785.929,4785.998,,2026.04.17 11:13:01,4785.998,0,0,0.07
2026.04.17 11:37:50,545377059,GBPUSDm,sell,0.03,1.35265,1.35377,1.35038,2026.04.17 12:20:50,1.35377,0,0,-3.36
2026.04.17 12:24:25,545399975,GBPUSDm,sell,0.03,1.35322,1.35409,1.35039,2026.04.17 12:25:35,1.35409,0,0,-2.61
2026.04.20 08:30:52,545992934,XAUUSDm,buy,0.01,4791.086,4785.842,4805.68,2026.04.20 08:52:54,4793.892,0,0,2.8
2026.04.20 15:58:51,546228155,XAUUSDm,sell,0.01,4800.126,4810.16,,2026.04.20 15:59:22,4799.979,0,0,0.15
2026.04.21 11:28:19,546503848,GBPUSDm,sell,0.01,1.35161,1.35358,,2026.04.21 14:41:37,1.35358,0,0,-1.97
2026.04.21 11:28:35,546503909,GBPUSDm,sell,0.01,1.35158,1.3536,1.34825,2026.04.21 14:41:37,1.3536,0,0,-2.02
2026.04.21 14:12:12,546613356,XAUUSDm,sell,0.01,4780.154,4795.161,,2026.04.21 14:13:26,4779.367,0,0,0.78
2026.04.22 07:30:26,546912608,GBPUSDm,buy,0.03,1.35154,1.35023,1.3534,2026.04.22 09:01:45,1.35307,0,0,4.59
2026.04.22 19:30:26,547233545,XAUUSDm,buy,0.01,4743.026,4736.704,4749.553,2026.04.22 20:10:27,4736.704,0,0,-6.33
2026.04.23 16:03:40,547635172,GBPUSDm,buy,0.03,1.34927,1.34778,,2026.04.23 17:05:32,1.34778,0,0,-4.47
2026.04.27 13:32:57,548622034,GBPUSDm,buy,0.01,1.35559,1.35335,1.3576,2026.04.27 17:16:54,1.35335,0,0,-2.24
2026.04.28 15:01:06,549213282,GBPUSDm,sell,0.03,1.34993,1.35103,1.34897,2026.04.28 15:37:31,1.35103,0,0,-3.3
2026.04.29 13:15:34,549641312,GBPUSDm,sell,0.03,1.35055,1.35149,1.34953,2026.04.29 13:20:25,1.34953,0,0,3.06
2026.05.01 08:20:06,550605633,GBPUSDm,buy,0.02,1.36052,1.35859,1.36143,2026.05.01 08:34:36,1.36086,0,0,0.68
2026.05.01 10:15:49,550653566,GBPUSDm,sell,0.03,1.36052,1.36232,1.35911,2026.05.01 10:45:54,1.36053,0,0,-0.03
2026.05.01 14:45:02,550828399,GBPUSDm,buy,0.03,1.36368,1.3616,1.36575,2026.05.01 15:50:37,1.3616,0,0,-6.24
2026.05.01 18:12:09,550918519,XAUUSDm,sell,0.01,4621.546,4635.718,4613.671,2026.05.01 18:38:17,4616.934,0,0,4.62
2026.05.04 06:17:34,551246377,XAUUSDm,sell,0.01,4593.219,4602.547,4588.827,2026.05.04 06:33:33,4588.827,0,0,4.39
2026.05.04 13:04:39,551475545,XAUUSDm,sell,0.01,4568.487,4568.355,4563.21,2026.05.04 13:16:53,4564.469,0,0,4.02
2026.05.06 14:25:18,552555354,XAUUSDm,sell,0.01,4711.994,4718.289,4697.216,2026.05.06 14:31:39,4706.659,0,0,5.33
2026.05.08 15:08:58,553508083,XAUUSDm,buy,0.01,4720.396,4712.322,,2026.05.08 15:12:36,4712.322,0,0,-8.08
2026.05.11 12:11:08,553997591,GBPUSDm,buy,0.05,1.36057,1.36002,,2026.05.11 12:16:53,1.36002,0,0,-2.75
2026.05.11 12:18:44,554000802,GBPUSDm,buy,0.01,1.36024,1.36029,,2026.05.11 13:09:44,1.36208,0,0,1.84
2026.05.11 12:20:30,554002072,GBPUSDm,buy,0.01,1.36035,1.35854,,2026.05.11 13:09:44,1.36208,0,0,1.73
2026.05.11 18:43:41,554211266,XAUUSDm,sell,0.01,4727.407,4730.072,4725.41,2026.05.11 18:54:16,4726.238,0,0,1.17
2026.05.12 13:04:42,554535062,XAUUSDm,buy,0.01,4696.323,4688.728,4711.792,2026.05.12 13:14:00,4688.728,0,0,-7.59
2026.05.12 16:26:11,554680778,GBPUSDm,buy,0.05,1.35245,1.35213,,2026.05.12 16:27:04,1.35213,0,0,-1.6
2026.05.12 16:45:44,554686228,GBPUSDm,buy,0.05,1.35208,1.35172,,2026.05.12 16:47:21,1.35172,0,0,-1.8
2026.05.12 17:18:00,554696474,GBPUSDm,buy,0.05,1.35234,1.35147,,2026.05.12 18:35:51,1.35305,0,0,3.55
2026.05.13 07:24:03,554874461,GBPUSDm,sell,0.05,1.35299,1.35325,,2026.05.13 07:28:36,1.35325,0,0,-1.3
2026.05.13 07:46:23,554881031,GBPUSDm,sell,0.03,1.35277,1.35382,1.34994,2026.05.13 09:21:47,1.35134,0,0,4.29
2026.05.13 08:31:05,554895933,GBPUSDm,sell,0.03,1.35305,1.35382,,2026.05.13 09:21:47,1.35134,0,0,5.13
2026.05.13 14:33:17,555077991,GBPUSDm,buy,0.03,1.35179,1.35072,,2026.05.13 14:42:16,1.35072,0,0,-3.21
2026.05.13 14:33:24,555078108,GBPUSDm,buy,0.02,1.35176,1.35071,,2026.05.13 14:42:16,1.35071,0,0,-2.1
2026.05.13 15:31:08,555101854,GBPUSDm,buy,0.02,1.35198,1.35141,,2026.05.13 16:52:04,1.35141,0,0,-1.14
2026.05.13 15:31:25,555101975,GBPUSDm,buy,0.02,1.35198,1.35043,1.35512,2026.05.14 07:40:26,1.35175,0,0,-0.46
2026.05.14 08:31:33,555310894,GBPUSDm,sell,0.1,1.35183,1.35213,,2026.05.14 09:01:02,1.35213,0,0,-3
2026.05.14 09:05:36,555321412,GBPUSDm,sell,0.06,1.35173,1.35256,1.34839,2026.05.14 13:14:37,1.35069,0,0,6.24
2026.05.14 12:21:26,555379789,GBPUSDm,sell,0.06,1.35145,1.35143,,2026.05.14 13:21:44,1.35011,0,0,8.04
2026.05.14 14:39:31,555464573,GBPUSDm,sell,0.02,1.35056,1.35144,,2026.05.14 14:56:23,1.34944,0,0,2.24
2026.05.14 14:45:04,555466875,XAUUSDm,sell,0.01,4688.316,4702.174,4677.458,2026.05.14 14:55:47,4687.939,0,0,0.38
2026.05.14 15:53:05,555496502,GBPUSDm,sell,0.06,1.34777,1.34835,1.34674,2026.05.14 16:08:14,1.34703,0,0,4.44
2026.05.15 13:29:18,555891018,GBPUSDm,buy,0.01,1.33569,1.33392,1.33927,2026.05.15 13:44:51,1.33399,0,0,-1.7
2026.05.15 13:39:02,555899701,GBPUSDm,buy,0.06,1.335,1.33453,,2026.05.15 13:43:21,1.33453,0,0,-2.82
2026.05.18 07:48:00,556296621,GBPUSDm,buy,0.08,1.33537,1.33509,,2026.05.18 07:49:24,1.33509,0,0,-2.24
2026.05.19 08:19:05,556727206,GBPUSDm,sell,0.05,1.33971,1.34038,,2026.05.19 09:40:50,1.34038,0,0,-3.35
2026.05.19 09:08:34,556745128,GBPUSDm,sell,0.05,1.33931,1.3397,,2026.05.19 09:08:45,1.33939,0,0,-0.4
2026.05.19 09:08:52,556745209,GBPUSDm,sell,0.05,1.33933,1.33973,,2026.05.19 09:09:55,1.33973,0,0,-2
2026.05.19 09:11:16,556745915,GBPUSDm,sell,0.03,1.33932,1.34025,,2026.05.19 09:37:49,1.34025,0,0,-2.79
2026.05.19 10:33:26,556769597,GBPUSDm,buy,0.1,1.3412,1.34089,1.34383,2026.05.19 10:35:11,1.34089,0,0,-3.1
2026.05.19 11:11:15,556788879,GBPUSDm,buy,0.1,1.34057,1.34024,,2026.05.19 11:16:15,1.34024,0,0,-3.3
2026.05.19 11:18:19,556791523,GBPUSDm,buy,0.07,1.34061,1.34015,1.34519,2026.05.19 13:03:59,1.34015,0,0,-3.22
2026.05.19 12:02:03,556806652,GBPUSDm,buy,0.05,1.34054,1.34013,,2026.05.19 13:04:00,1.34013,0,0,-2.05
2026.05.19 13:35:36,556866460,GBPUSDm,sell,0.05,1.33882,1.33937,,2026.05.19 13:37:00,1.33937,0,0,-2.75
2026.05.19 14:30:09,556907194,GBPUSDm,sell,0.07,1.33863,1.33965,,2026.05.19 15:06:43,1.33965,0,0,-7.14
2026.05.19 14:35:40,556910855,GBPUSDm,sell,0.03,1.33833,1.33912,,2026.05.19 14:55:43,1.33912,0,0,-2.37
2026.05.20 11:11:46,557179590,GBPUSDm,buy,0.05,1.33988,1.33948,1.34103,2026.05.20 11:17:10,1.33981,0,0,-0.35
2026.05.20 11:57:23,557196684,GBPUSDm,buy,0.05,1.33974,1.33938,1.34076,2026.05.20 13:01:31,1.33938,0,0,-1.8
2026.05.20 13:02:31,557220545,GBPUSDm,buy,0.07,1.33969,1.33936,1.34074,2026.05.20 13:16:47,1.33936,0,0,-2.31
2026.05.21 08:08:35,557527215,GBPUSDm,sell,0.03,1.34356,1.34409,,2026.05.21 08:11:07,1.34409,0,0,-1.59
2026.05.21 09:40:55,557569752,GBPUSDm,buy,0.06,1.3443,1.34394,1.34546,2026.05.21 09:44:25,1.34394,0,0,-2.16
2026.05.21 09:41:31,557570010,GBPUSDm,buy,0.02,1.34443,1.34289,,2026.05.21 10:26:01,1.34289,0,0,-3.08
2026.05.21 11:12:17,557611871,GBPUSDm,sell,0.06,1.343,1.34354,,2026.05.21 11:20:24,1.34354,0,0,-3.24
2026.05.21 11:18:35,557613519,GBPUSDm,sell,0.06,1.34318,1.34352,1.34147,2026.05.21 11:20:23,1.34352,0,0,-2.04
2026.05.21 12:35:10,557647234,GBPUSDm,sell,0.1,1.34219,1.34257,,2026.05.21 12:44:48,1.34257,0,0,-3.8
2026.05.21 12:50:20,557654209,GBPUSDm,sell,0.03,1.34231,1.34403,1.34019,2026.05.21 13:19:42,1.34019,0,0,6.36
2026.05.21 13:55:45,557700638,GBPUSDm,sell,0.04,1.34101,1.34224,,2026.05.21 17:15:19,1.34224,0,0,-4.92
2026.05.22 09:03:13,557970267,GBPUSDm,buy,0.08,1.34272,1.34227,,2026.05.22 09:09:01,1.34227,0,0,-3.6
2026.05.22 09:07:38,557971741,GBPUSDm,buy,0.08,1.34253,1.34234,,2026.05.22 09:07:48,1.34234,0,0,-1.52
2026.05.22 09:08:17,557972078,GBPUSDm,buy,0.08,1.34247,1.34227,,2026.05.22 09:09:01,1.34227,0,0,-1.6
2026.05.25 06:41:19,558498713,GBPUSDm,buy,0.05,1.3484,1.34788,,2026.05.25 07:08:34,1.34801,0,0,-1.95
2026.05.25 06:43:20,558499120,EURUSDm,buy,0.1,1.16414,1.16399,,2026.05.25 06:57:32,1.16399,0,0,-1.5
2026.05.25 06:43:47,558499208,EURUSDm,buy,0.05,1.16413,1.16369,,2026.05.25 07:08:07,1.16369,0,0,-2.2
2026.05.25 07:04:19,558506106,EURUSDm,buy,0.1,1.16423,1.16369,,2026.05.25 07:08:07,1.16369,0,0,-5.4
2026.05.25 08:04:00,558528457,EURUSDm,sell,0.06,1.16345,1.16376,1.15977,2026.05.25 08:07:07,1.16376,0,0,-1.86
2026.05.25 08:21:15,558534613,GBPUSDm,sell,0.05,1.34875,1.34925,,2026.05.25 08:36:03,1.34903,0,0,-1.4
2026.05.25 09:45:41,558563793,EURUSDm,buy,0.03,1.16441,1.16398,,2026.05.25 11:06:40,1.16398,0,0,-1.29
2026.05.27 11:39:06,559515692,GBPUSDm,sell,0.02,1.34362,1.34429,,2026.05.27 12:18:34,1.34429,0,0,-1.34
2026.06.02 10:26:27,561656492,EURUSDm,sell,0.05,1.16411,1.16464,,2026.06.02 10:53:45,1.16464,0,0,-2.65
2026.06.02 13:43:38,561758274,GBPUSDm,buy,0.05,1.34755,1.34701,,2026.06.02 13:48:49,1.34701,0,0,-2.7
2026.06.02 13:49:29,561762470,GBPUSDm,buy,0.03,1.34734,1.34639,,2026.06.02 14:00:02,1.34639,0,0,-2.85
2026.06.02 14:30:04,561800310,GBPUSDm,sell,0.04,1.34682,1.34681,1.3406,2026.06.02 18:48:18,1.34681,0,0,0.04
2026.06.02 14:42:49,561809256,EURUSDm,sell,0.05,1.16486,1.16573,,2026.06.02 17:17:19,1.16269,0,0,10.85
2026.06.03 08:00:21,562118725,EURUSDm,sell,0.03,1.16153,1.16253,,2026.06.03 12:41:26,1.16006,0,0,4.41
2026.06.03 08:15:20,562125440,GBPUSDm,sell,0.02,1.34477,1.34637,1.34324,2026.06.03 12:38:22,1.34324,0,0,3.06
2026.06.03 15:13:07,562374898,XAUUSDm,sell,0.01,4446.875,4443.603,,2026.06.03 16:05:07,4443.603,0,0,3.28
2026.06.04 08:30:18,562680379,GBPUSDm,sell,0.04,1.34305,,,2026.06.04 08:31:00,1.34354,0,0,-1.96
2026.06.04 08:34:23,562683464,EURUSDm,sell,0.04,1.16096,1.16165,1.15942,2026.06.04 09:01:58,1.16165,0,0,-2.76
2026.06.04 12:22:16,562814461,EURUSDm,sell,0.02,1.16368,1.16468,,2026.06.04 15:33:33,1.16249,0,0,2.38
2026.06.04 12:22:39,562814740,GBPUSDm,sell,0.03,1.34552,1.34652,,2026.06.04 15:33:33,1.34343,0,0,6.27
2026.06.05 08:59:50,563237554,EURUSDm,sell,0.03,1.16363,1.16406,,2026.06.05 09:09:45,1.16402,0,0,-1.17
2026.06.05 09:00:30,563238002,GBPUSDm,sell,0.04,1.34532,1.34596,,2026.06.05 09:09:15,1.34596,0,0,-2.56
2026.06.05 10:02:27,563264463,EURUSDm,buy,0.05,1.16392,1.16364,1.1649,2026.06.05 10:34:40,1.16426,0,0,1.7
2026.06.05 10:03:14,563264651,GBPUSDm,buy,0.02,1.34655,1.34587,,2026.06.05 10:31:56,1.34816,0,0,3.22
2026.06.05 11:45:15,563297284,EURUSDm,buy,0.05,1.16363,1.16365,,2026.06.05 12:18:25,1.16365,0,0,0.1
2026.06.05 11:45:25,563297326,EURUSDm,buy,0.05,1.16366,1.16366,,2026.06.05 12:18:25,1.16366,0,0,0
2026.06.05 13:34:58,563428060,GBPUSDm,sell,0.01,1.34046,1.34246,1.33505,2026.06.05 14:23:03,1.33865,0,0,1.81
2026.06.08 07:42:18,564115800,GBPUSDm,sell,0.03,1.33371,1.33477,,2026.06.08 08:29:46,1.33357,0,0,0.42
2026.06.08 08:45:44,564146158,EURUSDm,buy,0.06,1.15167,1.15107,1.15267,2026.06.08 08:52:56,1.15107,0,0,-3.6
2026.06.08 08:47:24,564147150,EURUSDm,buy,0.04,1.15146,1.15106,,2026.06.08 08:52:56,1.15106,0,0,-1.6
2026.06.08 14:45:21,564350530,EURUSDm,sell,0.04,1.15362,1.15555,,2026.06.09 09:07:39,1.15555,0,0,-7.72
2026.06.08 14:47:34,564352067,EURUSDm,sell,0.04,1.15362,1.15413,,2026.06.08 14:53:33,1.15413,0,0,-2.04
2026.06.09 12:20:39,564710808,EURUSDm,sell,0.03,1.15704,1.15786,1.10608,2026.06.11 17:33:26,1.15477,0,0,6.81
2026.06.10 07:30:13,565222095,EURUSDm,sell,0.04,1.15536,1.15784,,2026.06.11 17:33:26,1.15477,0,0,2.36
2026.06.10 07:30:40,565222402,GBPUSDm,sell,0.03,1.33871,1.33983,,2026.06.10 09:45:47,1.33983,0,0,-3.36
2026.06.10 09:00:19,565269674,GBPUSDm,sell,0.03,1.33852,1.33984,,2026.06.10 09:45:48,1.33984,0,0,-3.96
2026.06.10 09:30:57,565284138,EURUSDm,sell,0.04,1.15543,1.15593,,2026.06.10 09:45:49,1.15593,0,0,-2
2026.06.11 00:25:47,565701131,EURUSDm,sell,0.03,1.15407,1.15607,1.1058,2026.06.11 17:33:26,1.15477,0,0,-2.1
2026.06.11 01:53:19,565721275,EURUSDm,sell,0.03,1.15535,1.15607,,2026.06.11 01:57:29,1.1555,0,0,-0.45
2026.06.11 06:45:08,565783537,EURUSDm,sell,0.03,1.15441,1.15557,,2026.06.11 07:27:02,1.15557,0,0,-3.48
2026.06.11 06:45:08,565783539,EURUSDm,sell,0.03,1.15441,1.15559,,2026.06.11 07:27:02,1.15559,0,0,-3.54
2026.06.11 11:20:47,565892292,EURUSDm,sell,0.03,1.15365,1.15572,,2026.06.11 17:33:26,1.15478,0,0,-3.39
2026.06.11 13:02:29,565957274,EURUSDm,sell,0.04,1.15378,1.15447,,2026.06.11 17:32:51,1.15447,0,0,-2.76
2026.06.11 17:35:21,566106937,EURUSDm,sell,0.1,1.15568,1.15802,,2026.06.11 19:26:34,1.15802,0,0,-23.4
2026.06.12 13:02:53,566432265,EURUSDm,buy,0.03,1.15644,1.15563,1.15887,2026.06.12 15:39:18,1.15783,0,0,4.17
2026.06.12 13:39:37,566451649,USTECm,buy,0.01,29461.1,29320.99,,2026.06.12 13:40:20,29469.33,0,0,0.08
2026.06.15 08:02:26,566931856,GBPUSDm,buy,0.05,1.34331,1.34275,1.34597,2026.06.15 08:39:41,1.34281,0,0,-2.52
2026.06.15 08:23:03,566941935,EURUSDm,buy,0.03,1.16084,1.16,1.16215,2026.06.15 08:42:02,1.16,0,0,-2.52
2026.06.15 16:51:38,567188368,SPCXm,buy,0.01,178.82,173.64,,2026.06.18 16:07:51,173.62,0,-0.09,-5.2
2026.06.16 12:15:40,567487706,EURUSDm,sell,0.01,1.15971,1.16244,1.14986,2026.06.16 14:01:28,1.15967,0,0,0.04
2026.06.16 14:45:25,567580057,EURUSDm,sell,0.03,1.15959,1.16045,,2026.06.16 14:55:24,1.16045,0,0,-2.58
2026.06.16 14:46:01,567580363,EURUSDm,sell,0.06,1.15959,,,2026.06.16 14:46:24,1.1598,0,0,-1.26
2026.06.18 07:52:14,568270299,EURUSDm,sell,0.02,1.15179,1.15304,1.14774,2026.06.18 09:10:53,1.14774,0,0,8.1
2026.06.18 13:13:29,568401369,EURUSDm,buy,0.02,1.14699,1.14529,1.14853,2026.06.18 13:39:56,1.14825,0,0,2.52
2026.06.18 13:45:20,568422424,EURUSDm,buy,0.01,1.1476,1.14526,,2026.06.18 15:08:07,1.14793,0,0,0.33
2026.06.18 13:45:39,568422619,EURUSDm,buy,0.01,1.14755,1.14621,,2026.06.18 15:08:07,1.14793,0,0,0.38
2026.06.18 16:51:13,568518927,SPCXm,buy,0.01,174.84,171.72,,2026.06.22 11:32:49,175.49,0,-0.12,0.65
2026.06.19 07:51:50,568740286,EURUSDm,sell,0.04,1.1448,1.14696,1.14172,2026.06.19 12:50:30,1.14696,0,0,-8.64
2026.06.19 08:29:24,568753144,EURUSDm,sell,0.04,1.14573,1.14695,1.14171,2026.06.19 12:50:29,1.14695,0,0,-4.88
2026.06.22 06:31:01,569287087,EURUSDm,sell,0.02,1.14565,1.14753,1.14353,2026.06.22 10:22:58,1.14588,0,0,-0.46
2026.06.22 09:30:41,569353507,EURUSDm,sell,0.03,1.14566,1.14748,,2026.06.22 11:17:05,1.14545,0,0,0.64
2026.06.22 11:33:00,569394022,EURUSDm,buy,0.03,1.14545,1.14412,1.1475,2026.06.22 11:57:59,1.14478,0,0,-2.01
2026.06.22 11:58:16,569403140,EURUSDm,sell,0.03,1.14477,1.14757,1.14151,2026.06.22 12:07:23,1.14538,0,0,-1.84
2026.06.22 12:07:34,569407501,EURUSDm,buy,0.02,1.14557,1.14409,,2026.06.22 13:01:12,1.14409,0,0,-2.96
2026.06.22 12:15:41,569411370,EURUSDm,buy,0.01,1.14584,1.1447,1.14871,2026.06.22 13:00:23,1.1447,0,0,-1.14
2026.07.10 11:06:27,577898187,EURUSDm,buy,0.04,1.1434,1.14204,1.14492,2026.07.10 13:08:20,1.14204,0,0,-5.44
2026.07.13 11:27:29,578575543,EURUSDm,sell,0.03,1.14289,1.14409,1.13959,2026.07.13 14:20:17,1.14061,0,0,6.84
2026.07.14 06:59:15,578933767,EURUSDm,sell,0.03,1.13863,1.13963,1.13625,2026.07.14 07:47:42,1.13963,0,0,-3
2026.07.15 15:43:22,579727955,EURUSDm,buy,0.04,1.14354,1.14295,1.14518,2026.07.15 17:15:05,1.14488,0,0,5.36
2026.07.16 08:48:12,579999529,EURUSDm,sell,0.03,1.14653,1.14693,1.14453,2026.07.16 11:59:53,1.14693,0,0,-1.2
2026.07.16 08:49:00,579999793,EURUSDm,sell,0.03,1.14658,1.14773,,2026.07.16 11:59:57,1.14694,0,0,-1.08
2026.07.16 12:13:25,580089302,EURUSDm,sell,0.03,1.14637,1.14771,1.14415,2026.07.16 13:04:45,1.14459,0,0,5.34
2026.07.16 15:53:22,580249907,EURUSDm,buy,0.03,1.14498,1.14363,1.14822,2026.07.16 16:24:16,1.14363,0,0,-4.05
2026.07.16 16:16:03,580262300,EURUSDm,buy,0.03,1.14427,1.14404,,2026.07.16 16:19:43,1.14404,0,0,-0.69
2026.07.16 19:04:15,580323951,EURUSDm,buy,0.02,1.14397,1.14304,,2026.07.17 10:25:50,1.14321,0,0,-1.52
2026.07.17 08:34:01,580491915,EURUSDm,buy,0.04,1.14423,1.1434,,2026.07.17 10:23:19,1.1434,0,0,-3.32
2026.07.20 08:45:07,581133755,EURUSDm,buy,0.04,1.14411,1.14337,,2026.07.20 09:07:16,1.14337,0,0,-2.96
2026.07.20 08:45:51,581134029,EURUSDm,buy,0.04,1.14417,1.14366,,2026.07.20 09:03:49,1.14366,0,0,-2.04
2026.07.20 10:59:25,581178638,EURUSDm,buy,0.04,1.14324,1.14233,,2026.07.20 12:13:36,1.14233,0,0,-3.64
2026.07.21 08:02:55,581590157,EURUSDm,sell,0.04,1.14221,1.14293,,2026.07.21 14:55:29,1.14065,0,0,6.24
2026.07.21 09:11:39,581624287,EURUSDm,sell,0.04,1.14205,1.14275,,2026.07.21 09:38:15,1.14275,0,0,-2.8
2026.07.22 07:02:02,582150058,EURUSDm,buy,0.04,1.14112,1.14046,1.14192,2026.07.22 07:35:32,1.14133,0,0,0.84
2026.07.22 07:05:27,582151498,EURUSDm,buy,0.02,1.141,1.14064,,2026.07.22 07:35:32,1.14133,0,0,0.66
2026.07.22 08:36:26,582188382,EURUSDm,sell,0.02,1.14097,1.14193,,2026.07.22 13:31:20,1.14193,0,0,-1.92
2026.07.22 10:59:09,582232314,EURUSDm,sell,0.03,1.14039,1.14149,1.13761,2026.07.22 13:21:17,1.14149,0,0,-3.3
2026.07.23 06:50:51,582589748,EURUSDm,sell,0.03,1.14266,1.14363,,2026.07.23 07:21:28,1.14266,0,0,0
2026.07.24 10:31:50,583118868,EURUSDm,sell,0.02,1.13902,1.14023,1.13273,2026.07.24 17:07:41,1.13721,0,0,3.63
2026.07.24 11:31:01,583138547,EURUSDm,sell,0.02,1.13813,1.13887,1.13634,2026.07.24 11:32:02,1.13825,0,0,-0.24
2026.07.24 15:40:01,583296970,EURUSDm,sell,0.05,1.13883,1.13927,1.13676,2026.07.24 17:07:41,1.13743,0,0,7
2026.07.27 07:23:28,583715966,EURUSDm,sell,0.02,1.14065,1.14195,1.13673,2026.07.27 14:48:23,1.13798,0,0,5.35
2026.07.28 07:59:42,584257068,EURUSDm,sell,0.02,1.13646,1.13746,,2026.07.28 14:04:59,1.13746,0,0,-2
2026.07.28 08:14:27,584268557,EURUSDm,sell,0.02,1.13674,1.13745,,2026.07.28 13:49:51,1.13745,0,0,-1.42
2026.07.28 08:43:14,584282337,EURUSDm,sell,0.05,1.13697,1.13737,,2026.07.28 09:00:56,1.13737,0,0,-2
2026.07.28 11:19:13,584357109,EURUSDm,sell,0.05,1.13613,1.1364,,2026.07.28 11:23:36,1.1364,0,0,-1.35
2026.07.28 13:08:25,584413174,EURUSDm,sell,0.05,1.13684,1.13747,,2026.07.28 14:04:59,1.13747,0,0,-3.15
2026.07.28 13:15:26,584415340,EURUSDm,sell,0.04,1.1366,1.1372,,2026.07.28 13:49:19,1.1372,0,0,-2.4
2026.07.28 14:08:53,584460210,EURUSDm,sell,0.04,1.13721,1.13813,,2026.07.28 14:52:14,1.13804,0,0,-3.32
2026.07.29 07:25:13,584774433,EURUSDm,buy,0.04,1.13975,1.1392,1.14007,2026.07.29 09:39:52,1.1392,0,0,-2.2
2026.07.31 08:22:14,586070331,EURUSDm,buy,0.08,1.15122,1.15074,,2026.07.31 08:29:59,1.15074,0,0,-3.84
2026.07.31 08:41:37,586081174,EURUSDm,buy,0.08,1.1507,1.15036,,2026.07.31 09:44:39,1.15036,0,0,-2.72
2026.07.31 08:45:51,586082762,EURUSDm,buy,0.01,1.15101,1.15032,,2026.07.31 09:44:52,1.15032,0,0,-0.69
2026.07.31 09:22:39,586101469,EURUSDm,buy,0.02,1.15187,1.15131,,2026.07.31 09:25:08,1.15131,0,0,-1.12
2026.07.31 09:23:18,586102241,EURUSDm,buy,0.02,1.1516,1.15131,,2026.07.31 09:25:08,1.15131,0,0,-0.58
2026.07.31 09:52:24,586114750,EURUSDm,buy,0.1,1.1508,1.15026,,2026.07.31 10:18:23,1.15026,0,0,-5.4
2026.07.31 09:57:53,586116460,EURUSDm,buy,0.1,1.15064,1.15027,,2026.07.31 10:18:10,1.15027,0,0,-3.7
Orders,undefined,undefined,undefined,undefined,undefined,,,undefined,undefined,0,0,undefined
Open Time,Order,Symbol,Type,Volume,Price,S / L,T / P,Time,State,0,Comment,undefined
2026.02.10 10:48:28,511749575,GBPUSDm,sell,0.01 / 0.01,market,,,2026.02.10 10:48:28,filled,0,0,undefined
2026.02.10 11:13:04,511761805,GBPUSDm,buy,0.01 / 0.01,market,,,2026.02.10 11:13:04,filled,0,0,undefined
2026.02.10 12:30:03,511797401,GBPUSDm,sell,0.01 / 0.01,market,,,2026.02.10 12:30:03,filled,0,0,undefined
2026.02.10 14:30:12,511882176,GBPUSDm,buy,0.01 / 0.01,1.36967,,,2026.02.10 14:30:13,filled,0,[sl 1.36967],undefined
2026.02.11 11:53:44,512345641,GBPUSDm,buy,0.02 / 0.02,market,,,2026.02.11 11:53:44,filled,0,0,undefined
2026.02.11 12:06:28,512353199,GBPUSDm,buy,0.02 / 0.02,market,,,2026.02.11 12:06:28,filled,0,0,undefined
2026.02.11 12:09:52,512355365,GBPUSDm,sell,0.02 / 0.02,1.36854,,,2026.02.11 12:09:52,filled,0,[sl 1.36854],undefined
2026.02.12 06:18:30,512788748,GBPUSDm,buy,0.01 / 0.01,market,,,2026.02.12 06:18:30,filled,0,0,undefined
2026.02.12 06:32:23,512794746,GBPUSDm,sell,0.01 / 0.01,1.36078,,,2026.02.12 06:32:23,filled,0,[sl 1.36078],undefined
2026.02.12 08:47:06,512853341,GBPUSDm,buy,0.01 / 0.01,market,,,2026.02.12 08:47:06,filled,0,0,undefined
2026.02.12 10:16:12,512893367,GBPUSDm,buy,0.01 / 0.01,market,,,2026.02.12 10:16:12,filled,0,0,undefined
2026.02.12 12:54:26,512960856,GBPUSDm,sell,0.01 / 0.01,1.3624,,,2026.02.12 12:54:26,filled,0,[sl 1.36240],undefined
2026.02.16 11:00:32,514235176,GBPUSDm,sell,0.01 / 0.01,market,,,2026.02.16 11:00:32,filled,0,0,undefined
2026.02.16 13:36:14,514306564,GBPUSDm,buy,0.01 / 0.01,market,,,2026.02.16 13:36:14,filled,0,0,undefined
2026.02.16 14:19:54,514327313,GBPUSDm,sell,0.01 / 0.01,market,,,2026.02.16 14:19:54,filled,0,0,undefined
2026.02.16 16:12:01,514388212,GBPUSDm,buy,0.01 / 0.01,market,,,2026.02.16 16:12:01,filled,0,0,undefined
2026.02.17 08:53:00,514649254,EURUSDm,sell,0.03 / 0.03,market,,,2026.02.17 08:53:00,filled,0,0,undefined
2026.02.18 09:45:23,515224254,GBPUSDm,buy,0.01 / 0.01,market,,,2026.02.18 09:45:23,filled,0,0,undefined
2026.02.18 10:27:19,515243388,GBPUSDm,buy,0.01 / 0.01,market,,,2026.02.18 10:27:19,filled,0,0,undefined
2026.02.18 10:48:24,515254698,GBPUSDm,sell,0.01 / 0.01,market,,,2026.02.18 10:48:24,filled,0,0,undefined
2026.02.18 10:48:24,515254699,GBPUSDm,sell,0.01 / 0.01,market,,,2026.02.18 10:48:24,filled,0,0,undefined
2026.02.18 10:50:58,515255362,EURUSDm,sell,0.01 / 0.01,market,,,2026.02.18 10:50:58,filled,0,0,undefined
2026.02.18 10:53:26,515256468,EURUSDm,sell,0.01 / 0.01,market,,,2026.02.18 10:53:26,filled,0,0,undefined
2026.02.18 12:36:24,515305084,EURUSDm,buy,0.01 / 0.01,market,,,2026.02.18 12:36:24,filled,0,0,undefined
2026.02.18 12:36:28,515305123,EURUSDm,buy,0.01 / 0.01,market,,,2026.02.18 12:36:28,filled,0,0,undefined
2026.02.18 13:54:25,515362551,EURUSDm,sell,0.01 / 0.01,market,,,2026.02.18 13:54:25,filled,0,0,undefined
2026.02.18 18:42:02,515520975,EURUSDm,buy,0.01 / 0.01,market,,,2026.02.18 18:42:02,filled,0,0,undefined
2026.02.19 07:30:57,515697197,EURUSDm,buy,0.01 / 0.01,market,,,2026.02.19 07:30:57,filled,0,0,undefined
2026.02.19 09:43:07,515760901,EURUSDm,sell,0.01 / 0.01,market,,,2026.02.19 09:43:07,filled,0,0,undefined
2026.02.19 13:33:06,515893311,XAUUSDm,buy,0.01 / 0.01,market,,,2026.02.19 13:33:06,filled,0,0,undefined
2026.02.19 14:10:39,515927800,XAUUSDm,sell,0.01 / 0.01,4973.779,,,2026.02.19 14:10:39,filled,0,[so -16.47%/-0.41/2.49],undefined
2026.02.20 07:16:36,516358845,GBPUSDm,sell,0.01 / 0.01,market,,,2026.02.20 07:16:36,filled,0,0,undefined
2026.02.20 07:17:08,516359013,GBPUSDm,sell,0.01 / 0.01,market,,,2026.02.20 07:17:08,filled,0,0,undefined
2026.02.20 08:10:44,516393592,GBPUSDm,buy,0.01 / 0.01,market,,,2026.02.20 08:10:44,filled,0,0,undefined
2026.02.20 08:10:59,516393885,GBPUSDm,buy,0.01 / 0.01,market,,,2026.02.20 08:10:59,filled,0,0,undefined
2026.02.20 08:30:15,516406546,GBPUSDm,sell,0.01 / 0.01,market,,,2026.02.20 08:30:15,filled,0,0,undefined
2026.02.20 13:02:39,516564448,XAUUSDm,buy,0.01 / 0.01,market,,,2026.02.20 13:02:39,filled,0,0,undefined
2026.02.20 13:35:02,516582794,EURUSDm,sell,0.01 / 0.01,market,,,2026.02.20 13:35:02,filled,0,0,undefined
2026.02.23 07:20:39,517337184,GBPUSDm,buy,0.01 / 0.01,market,,,2026.02.23 07:20:39,filled,0,0,undefined
2026.02.23 07:21:02,517337332,EURUSDm,buy,0.01 / 0.01,market,,,2026.02.23 07:21:02,filled,0,0,undefined
2026.02.23 07:26:46,517340918,GBPUSDm,buy,0.02 / 0.02,market,,,2026.02.23 07:26:46,filled,0,0,undefined
2026.02.23 07:31:12,517342876,GBPUSDm,sell,0.02 / 0.02,1.35228,,,2026.02.23 07:31:12,filled,0,[sl 1.35228],undefined
2026.02.23 13:45:20,517522093,GBPUSDm,sell,0.01 / 0.01,market,,,2026.02.23 13:45:20,filled,0,0,undefined
2026.02.23 13:51:43,517524980,GBPUSDm,sell,0.01 / 0.01,market,,,2026.02.23 13:51:43,filled,0,0,undefined
2026.02.23 14:36:02,517554376,GBPUSDm,buy,0.01 / 0.01,1.35141,,,2026.02.23 14:36:02,filled,0,[sl 1.35141],undefined
2026.02.24 07:00:56,517878277,GBPUSDm,sell,0.02 / 0.02,market,,,2026.02.24 07:00:56,filled,0,0,undefined
2026.02.24 11:15:48,517990135,EURUSDm,buy,0.02 / 0.02,market,,,2026.02.24 11:15:48,filled,0,0,undefined
2026.02.25 08:02:40,518536477,GBPUSDm,sell,0.04 / 0.04,market,,,2026.02.25 08:02:40,filled,0,0,undefined
2026.02.25 08:15:16,518542931,GBPUSDm,buy,0.04 / 0.04,market,,,2026.02.25 08:15:16,filled,0,0,undefined
2026.02.26 11:41:08,519271736,EURUSDm,buy,0.01 / 0.01,market,,,2026.02.26 11:41:08,filled,0,0,undefined
2026.02.26 11:47:45,519274055,EURUSDm,buy,0.01 / 0.01,market,,,2026.02.26 11:47:45,filled,0,0,undefined
2026.02.26 14:17:43,519370053,EURUSDm,buy,0.01 / 0.01,market,,,2026.02.26 14:17:43,filled,0,0,undefined
2026.02.27 09:55:06,519777916,GBPUSDm,buy,0.01 / 0.01,market,,,2026.02.27 09:55:06,filled,0,0,undefined
2026.02.27 11:13:13,519828512,GBPUSDm,buy,0.01 / 0.01,market,,,2026.02.27 11:13:13,filled,0,0,undefined
2026.02.27 13:28:53,519911943,GBPUSDm,sell,0.01 / 0.01,1.34607,,,2026.02.27 13:28:54,filled,0,[sl 1.34607],undefined
2026.02.27 13:33:44,519920513,GBPUSDm,buy,0.01 / 0.01,market,,,2026.02.27 13:33:44,filled,0,0,undefined
2026.02.27 14:03:19,519946578,GBPUSDm,buy,0.01 / 0.01,market,,,2026.02.27 14:03:19,filled,0,0,undefined
2026.02.27 19:39:51,520118538,EURUSDm,sell,0.01 / 0.01,market,,,2026.02.27 19:39:51,filled,0,0,undefined
2026.02.27 19:39:51,520118539,GBPUSDm,sell,0.01 / 0.01,market,,,2026.02.27 19:39:51,filled,0,0,undefined
2026.03.01 23:12:55,520614282,US500m,buy,0.03 / 0.03,market,,,2026.03.01 23:12:55,filled,0,0,undefined
2026.03.02 09:01:11,520947180,GBPUSDm,sell,0.01 / 0.01,market,,,2026.03.02 09:01:11,filled,0,0,undefined
2026.03.02 09:17:37,520960761,GBPUSDm,buy,0.01 / 0.01,1.3374,,,2026.03.02 09:17:38,filled,0,[sl 1.33740],undefined
2026.03.03 14:19:29,522097198,GBPUSDm,buy,0.01 / 0.01,market,,,2026.03.03 14:19:29,filled,0,0,undefined
2026.03.03 14:27:01,522104653,GBPUSDm,buy,0.01 / 0.01,market,,,2026.03.03 14:27:01,filled,0,0,undefined
2026.03.03 14:52:06,522142083,GBPUSDm,buy,0.01 / 0.01,market,,,2026.03.03 14:52:06,filled,0,0,undefined
2026.03.03 15:03:15,522156123,GBPUSDm,sell,0.01 / 0.01,1.32802,,,2026.03.03 15:03:15,filled,0,[sl 1.32802],undefined
2026.03.03 15:07:43,522161696,GBPUSDm,sell,0.01 / 0.01,1.32794,,,2026.03.03 15:07:43,filled,0,[sl 1.32794],undefined
2026.03.04 07:02:23,522634320,GBPUSDm,sell,0.02 / 0.02,market,,,2026.03.04 07:02:23,filled,0,0,undefined
2026.03.04 11:38:49,522866943,GBPUSDm,buy,0.01 / 0.01,market,,,2026.03.04 11:38:49,filled,0,0,undefined
2026.03.04 12:04:06,522881999,GBPUSDm,buy,0.01 / 0.01,market,,,2026.03.04 12:04:06,filled,0,0,undefined
2026.03.04 12:24:25,522896446,GBPUSDm,sell,0.01 / 0.01,1.33708,,,2026.03.04 12:24:25,filled,0,[sl 1.33708],undefined
2026.03.05 07:59:52,523486559,GBPUSDm,sell,0.01 / 0.01,market,,,2026.03.05 07:59:52,filled,0,0,undefined
2026.03.09 10:38:21,526591223,GBPUSDm,buy,0.02 / 0.02,market,,,2026.03.09 10:38:21,filled,0,0,undefined
2026.03.09 10:50:25,526597354,GBPUSDm,sell,0.02 / 0.02,1.33257,,,2026.03.09 10:50:25,filled,0,[sl 1.33257],undefined
2026.03.09 14:25:15,526746033,GBPUSDm,buy,0.01 / 0.01,market,,,2026.03.09 14:25:15,filled,0,0,undefined
2026.03.09 15:15:45,526784555,GBPUSDm,sell,0.01 / 0.01,market,,,2026.03.09 15:15:45,filled,0,0,undefined
2026.03.10 12:18:55,527459119,GBPUSDm,buy,0.03 / 0.03,market,,,2026.03.10 12:18:55,filled,0,0,undefined
2026.03.10 13:40:17,527547088,GBPUSDm,sell,0.01 / 0.01,market,,,2026.03.10 13:40:17,filled,0,0,undefined
2026.03.10 13:46:05,527553078,GBPUSDm,sell,0.01 / 0.01,market,,,2026.03.10 13:46:05,filled,0,0,undefined
2026.03.10 14:59:12,527619732,GBPUSDm,buy,0.01 / 0.01,1.34689,,,2026.03.10 14:59:12,filled,0,[sl 1.34689],undefined
2026.03.11 11:51:40,528303681,GBPUSDm,buy,0.01 / 0.01,market,,,2026.03.11 11:51:40,filled,0,0,undefined
2026.03.11 12:23:37,528330528,GBPUSDm,buy,0.01 / 0.01,market,,,2026.03.11 12:23:37,filled,0,0,undefined
2026.03.11 12:50:26,528378748,GBPUSDm,sell,0.01 / 0.01,1.34002,,,2026.03.11 12:50:26,filled,0,[sl 1.34002],undefined
2026.03.11 13:45:42,528447701,GBPUSDm,sell limit,0.01 / 0.01,1.34107,,,2026.03.11 13:53:03,filled,0,0,undefined
2026.03.12 08:50:37,529080583,GBPUSDm,buy,0.05 / 0.05,market,,,2026.03.12 08:50:37,filled,0,0,undefined
2026.03.12 09:08:36,529087784,GBPUSDm,buy,0.02 / 0.02,market,,,2026.03.12 09:08:36,filled,0,0,undefined
2026.03.12 11:53:48,529181410,GBPUSDm,sell,0.02 / 0.02,market,,,2026.03.12 11:53:48,filled,0,0,undefined
2026.03.12 13:16:10,529246943,GBPUSDm,sell,0.03 / 0.03,market,,,2026.03.12 13:16:10,filled,0,0,undefined
2026.03.12 13:16:50,529247698,GBPUSDm,sell,0.01 / 0.01,market,,,2026.03.12 13:16:50,filled,0,0,undefined
2026.03.12 14:35:13,529349041,GBPUSDm,buy,0.03 / 0.03,market,,,2026.03.12 14:35:13,filled,0,0,undefined
2026.03.12 14:35:13,529349042,GBPUSDm,buy,0.01 / 0.01,market,,,2026.03.12 14:35:13,filled,0,0,undefined
2026.03.13 10:33:37,529982486,GBPUSDm,buy,0.05 / 0.05,market,,,2026.03.13 10:33:37,filled,0,0,undefined
2026.03.13 10:59:05,529996545,GBPUSDm,sell,0.05 / 0.05,market,,,2026.03.13 10:59:05,filled,0,0,undefined
2026.03.13 11:00:27,529997132,GBPUSDm,buy,0.05 / 0.05,market,,,2026.03.13 11:00:27,filled,0,0,undefined
2026.03.13 14:46:32,530155576,GBPUSDm,sell,0.02 / 0.02,market,,,2026.03.13 14:46:32,filled,0,0,undefined
2026.03.13 15:04:04,530180145,GBPUSDm,buy,0.02 / 0.02,market,,,2026.03.13 15:04:04,filled,0,0,undefined
2026.03.16 08:36:26,531050297,GBPUSDm,sell,0.02 / 0.02,market,,,2026.03.16 08:36:26,filled,0,0,undefined
2026.03.16 08:50:02,531058290,GBPUSDm,sell,0.02 / 0.02,market,,,2026.03.16 08:50:02,filled,0,0,undefined
2026.03.16 09:49:06,531089185,GBPUSDm,buy,0.02 / 0.02,1.3257,,,2026.03.16 09:49:06,filled,0,[sl 1.32570],undefined
2026.03.16 16:12:06,531385160,GBPUSDm,buy,0.01 / 0.01,market,,,2026.03.16 16:12:06,filled,0,0,undefined
2026.03.17 07:46:30,531708200,GBPUSDm,sell,0.05 / 0.05,market,,,2026.03.17 07:46:30,filled,0,0,undefined
2026.03.17 07:47:27,531708488,GBPUSDm,buy,0.02 / 0.02,market,,,2026.03.17 07:47:27,filled,0,0,undefined
2026.03.17 14:07:05,531916977,GBPUSDm,buy,0.02 / 0.02,market,,,2026.03.17 14:07:05,filled,0,0,undefined
2026.03.17 14:32:37,531933711,GBPUSDm,buy,0.02 / 0.02,market,,,2026.03.17 14:32:37,filled,0,0,undefined
2026.03.17 15:34:54,531972718,GBPUSDm,sell,0.02 / 0.02,1.33382,,,2026.03.17 15:34:54,filled,0,[sl 1.33382],undefined
2026.03.18 08:22:10,532336626,GBPUSDm,sell,0.01 / 0.01,market,,,2026.03.18 08:22:10,filled,0,0,undefined
2026.03.18 09:08:22,532363984,GBPUSDm,sell,0.02 / 0.02,market,,,2026.03.18 09:08:22,filled,0,0,undefined
2026.03.18 09:42:44,532381591,GBPUSDm,buy,0.01 / 0.01,market,,,2026.03.18 09:42:44,filled,0,0,undefined
2026.03.18 09:43:06,532381733,GBPUSDm,buy,0.02 / 0.02,market,,,2026.03.18 09:43:06,filled,0,0,undefined
2026.03.18 10:16:32,532397623,GBPUSDm,sell,0.02 / 0.02,market,,,2026.03.18 10:16:32,filled,0,0,undefined
2026.03.18 10:17:03,532398010,GBPUSDm,sell,0.02 / 0.02,market,,,2026.03.18 10:17:03,filled,0,0,undefined
2026.03.18 12:28:38,532529669,GBPUSDm,buy,0.02 / 0.02,market,,,2026.03.18 12:28:38,filled,0,0,undefined
2026.03.18 12:28:38,532529670,GBPUSDm,buy,0.02 / 0.02,market,,,2026.03.18 12:28:38,filled,0,0,undefined
2026.03.18 16:07:48,532694662,GBPUSDm,buy,0.02 / 0.02,market,,,2026.03.18 16:07:48,filled,0,0,undefined
2026.03.19 09:38:02,533192028,GBPUSDm,sell,0.01 / 0.01,market,,,2026.03.19 09:38:02,filled,0,0,undefined
2026.03.19 09:38:48,533192538,GBPUSDm,sell,0.01 / 0.01,market,,,2026.03.19 09:38:48,filled,0,0,undefined
2026.03.19 10:13:32,533210654,GBPUSDm,sell,0.01 / 0.01,market,,,2026.03.19 10:13:32,filled,0,0,undefined
2026.03.19 12:16:08,533304263,GBPUSDm,sell,0.02 / 0.02,market,,,2026.03.19 12:16:08,filled,0,0,undefined
2026.03.19 12:42:27,533333278,GBPUSDm,buy,0.02 / 0.02,1.32957,,,2026.03.19 12:42:28,filled,0,[sl 1.32957],undefined
2026.03.20 09:28:47,533841180,GBPUSDm,buy,0.06 / 0.06,market,,,2026.03.20 09:28:47,filled,0,0,undefined
2026.03.20 09:40:23,533847190,GBPUSDm,sell,0.06 / 0.06,1.33969,,,2026.03.20 09:40:23,filled,0,[sl 1.33969],undefined
2026.03.23 08:42:20,534967743,GBPUSDm,sell,0.02 / 0.02,market,,,2026.03.23 08:42:20,filled,0,0,undefined
2026.03.23 09:20:59,534990967,GBPUSDm,buy,0.01 / 0.01,market,,,2026.03.23 09:20:59,filled,0,0,undefined
2026.03.23 13:41:34,535193022,GBPUSDm,buy,0.01 / 0.01,market,,,2026.03.23 13:41:34,filled,0,0,undefined
2026.03.23 14:18:20,535220539,GBPUSDm,sell,0.01 / 0.01,market,,,2026.03.23 14:18:20,filled,0,0,undefined
2026.03.24 08:06:29,535600238,GBPUSDm,sell,0.01 / 0.01,market,,,2026.03.24 08:06:29,filled,0,0,undefined
2026.03.24 08:06:54,535600701,GBPUSDm,buy,0.01 / 0.01,market,,,2026.03.24 08:06:54,filled,0,0,undefined
2026.03.24 08:06:58,535600735,GBPUSDm,buy,0.01 / 0.01,market,,,2026.03.24 08:06:58,filled,0,0,undefined
2026.03.24 08:23:27,535610754,GBPUSDm,buy,0.01 / 0.01,market,,,2026.03.24 08:23:27,filled,0,0,undefined
2026.03.24 09:10:03,535638030,GBPUSDm,buy,0.03 / 0.03,market,,,2026.03.24 09:10:03,filled,0,0,undefined
2026.03.24 09:10:49,535638578,GBPUSDm,buy,0.03 / 0.03,market,,,2026.03.24 09:10:49,filled,0,0,undefined
2026.03.24 09:30:01,535648244,GBPUSDm,sell,0.03 / 0.03,1.33833,,,2026.03.24 09:30:02,filled,0,[sl 1.33833],undefined
2026.03.24 12:07:17,535747906,GBPUSDm,sell,0.03 / 0.03,market,,,2026.03.24 12:07:17,filled,0,0,undefined
2026.03.24 12:32:26,535761799,GBPUSDm,sell,0.02 / 0.02,market,,,2026.03.24 12:32:26,filled,0,0,undefined
2026.03.24 14:19:06,535836477,GBPUSDm,buy,0.02 / 0.02,market,,,2026.03.24 14:19:06,filled,0,0,undefined
2026.03.24 15:24:52,535879238,GBPUSDm,buy,0.01 / 0.01,market,,,2026.03.24 15:24:52,filled,0,0,undefined
2026.03.25 07:16:26,536181208,GBPUSDm,sell,0.03 / 0.03,market,,,2026.03.25 07:16:26,filled,0,0,undefined
2026.03.25 08:31:42,536234294,GBPUSDm,sell,0.03 / 0.03,market,,,2026.03.25 08:31:42,filled,0,0,undefined
2026.03.25 13:45:02,536431795,XAUUSDm,sell,0.01 / 0.01,market,,,2026.03.25 13:45:02,filled,0,0,undefined
2026.03.25 13:57:52,536443694,GBPUSDm,buy,0.03 / 0.03,market,,,2026.03.25 13:57:52,filled,0,0,undefined
2026.03.25 14:19:09,536461013,XAUUSDm,sell,0.01 / 0.01,market,,,2026.03.25 14:19:09,filled,0,0,undefined
2026.03.25 14:31:09,536469250,XAUUSDm,sell,0.01 / 0.01,market,,,2026.03.25 14:31:09,filled,0,0,undefined
2026.03.25 16:13:09,536527775,XAUUSDm,sell,0.01 / 0.01,market,,,2026.03.25 16:13:09,filled,0,0,undefined
2026.03.25 16:21:58,536532261,XAUUSDm,buy,0.01 / 0.01,market,,,2026.03.25 16:21:58,filled,0,0,undefined
2026.03.26 05:56:39,536764196,GBPUSDm,buy,0.03 / 0.03,market,,,2026.03.26 05:56:39,filled,0,0,undefined
2026.03.26 06:01:50,536768249,GBPUSDm,buy,0.03 / 0.03,market,,,2026.03.26 06:01:50,filled,0,0,undefined
2026.03.26 06:04:24,536769727,GBPUSDm,sell,0.03 / 0.03,market,,,2026.03.26 06:04:24,filled,0,0,undefined
2026.03.26 09:39:13,536877666,XAUUSDm,sell,0.01 / 0.01,market,,,2026.03.26 09:39:13,filled,0,0,undefined
2026.03.26 09:53:13,536884283,XAUUSDm,buy,0.01 / 0.01,market,,,2026.03.26 09:53:13,filled,0,0,undefined
2026.03.26 12:10:40,536955784,XAUUSDm,sell,0.01 / 0.01,market,,,2026.03.26 12:10:41,filled,0,0,undefined
2026.03.26 12:26:29,536965065,XAUUSDm,buy,0.01 / 0.01,market,,,2026.03.26 12:26:30,filled,0,0,undefined
2026.03.26 15:48:16,537097595,XAUUSDm,buy,0.01 / 0.01,market,,,2026.03.26 15:48:17,filled,0,0,undefined
2026.03.26 15:57:26,537100637,XAUUSDm,sell,0.01 / 0.01,4436.24,,,2026.03.26 15:57:26,filled,0,[sl 4436.240],undefined
2026.03.26 16:42:12,537128313,GBPUSDm,buy,0.03 / 0.03,market,,,2026.03.26 16:42:13,filled,0,0,undefined
2026.03.26 17:55:35,537160273,GBPUSDm,sell,0.03 / 0.03,1.3321,,,2026.03.26 17:55:35,filled,0,[sl 1.33210],undefined
2026.03.31 06:07:13,538602131,GBPUSDm,buy,0.01 / 0.01,market,,,2026.03.31 06:07:14,filled,0,0,undefined
2026.03.31 11:15:00,538738539,GBPUSDm,buy,0.01 / 0.01,market,,,2026.03.31 11:15:00,filled,0,0,undefined
2026.03.31 11:44:43,538760832,GBPUSDm,sell,0.01 / 0.01,market,,,2026.03.31 11:44:44,filled,0,0,undefined
2026.03.31 12:48:54,538800564,GBPUSDm,sell,0.01 / 0.01,market,,,2026.03.31 12:48:54,filled,0,0,undefined
2026.03.31 15:40:26,538918910,XAUUSDm,buy limit,0.01 / 0,4613.757,4594.666,,2026.03.31 15:54:31,canceled,0,0,undefined
2026.03.31 15:54:25,538924451,XAUUSDm,buy,0.01 / 0.01,market,,,2026.03.31 15:54:25,filled,0,0,undefined
2026.03.31 16:41:44,538948465,XAUUSDm,sell,0.01 / 0.01,market,,,2026.03.31 16:41:44,filled,0,0,undefined
2026.03.31 17:37:49,538976082,GBPUSDm,sell,0.03 / 0.03,market,,,2026.03.31 17:37:49,filled,0,0,undefined
2026.03.31 17:38:21,538976392,GBPUSDm,buy,0.02 / 0.02,market,,,2026.03.31 17:38:21,filled,0,0,undefined
2026.04.01 05:02:58,539130432,GBPUSDm,sell,0.02 / 0.02,market,,,2026.04.01 05:02:58,filled,0,0,undefined
2026.04.01 05:37:40,539140644,GBPUSDm,buy,0.01 / 0.01,market,,,2026.04.01 05:37:40,filled,0,0,undefined
2026.04.06 14:07:34,540822975,XAUUSDm,buy,0.01 / 0.01,market,,,2026.04.06 14:07:34,filled,0,0,undefined
2026.04.06 14:20:40,540831763,XAUUSDm,sell,0.01 / 0.01,market,,,2026.04.06 14:20:40,filled,0,0,undefined
2026.04.07 10:35:41,541206132,GBPUSDm,buy,0.03 / 0.03,market,,,2026.04.07 10:35:41,filled,0,0,undefined
2026.04.07 11:26:43,541237874,GBPUSDm,buy,0.03 / 0.03,market,,,2026.04.07 11:26:43,filled,0,0,undefined
2026.04.07 16:05:01,541411789,GBPUSDm,sell,0.03 / 0.03,1.32461,,,2026.04.07 16:05:01,filled,0,[sl 1.32461],undefined
2026.04.08 08:53:43,541738935,GBPUSDm,buy,0.02 / 0.02,market,,,2026.04.08 08:53:43,filled,0,0,undefined
2026.04.08 14:01:40,541903321,GBPUSDm,buy,0.03 / 0.03,market,,,2026.04.08 14:01:40,filled,0,0,undefined
2026.04.09 12:46:22,542347700,GBPUSDm,buy,0.05 / 0.05,market,,,2026.04.09 12:46:22,filled,0,0,undefined
2026.04.09 12:46:48,542347844,GBPUSDm,sell,0.03 / 0.03,market,,,2026.04.09 12:46:48,filled,0,0,undefined
2026.04.09 12:51:20,542350636,GBPUSDm,buy,0.03 / 0.03,market,,,2026.04.09 12:51:20,filled,0,0,undefined
2026.04.09 14:16:53,542411268,GBPUSDm,buy,0.03 / 0.03,market,,,2026.04.09 14:16:53,filled,0,0,undefined
2026.04.09 14:52:13,542435903,GBPUSDm,sell,0.03 / 0.03,1.34061,,,2026.04.09 14:52:13,filled,0,[sl 1.34061],undefined
2026.04.09 14:52:14,542435933,GBPUSDm,sell,0.03 / 0.03,1.3406,,,2026.04.09 14:52:14,filled,0,[sl 1.34060],undefined
2026.04.09 15:00:02,542440617,GBPUSDm,buy,0.03 / 0.03,market,,,2026.04.09 15:00:02,filled,0,0,undefined
2026.04.09 15:12:07,542447678,GBPUSDm,sell,0.03 / 0.03,1.34035,,,2026.04.09 15:12:07,filled,0,[sl 1.34035],undefined
2026.04.10 07:21:50,542703739,GBPUSDm,sell,0.03 / 0.03,market,,,2026.04.10 07:21:50,filled,0,0,undefined
2026.04.10 07:27:40,542706046,GBPUSDm,sell,0.03 / 0.03,market,,,2026.04.10 07:27:40,filled,0,0,undefined
2026.04.10 09:19:15,542749978,GBPUSDm,buy,0.03 / 0.03,1.34333,,,2026.04.10 09:19:15,filled,0,[sl 1.34333],undefined
2026.04.10 09:19:15,542749981,GBPUSDm,buy,0.03 / 0.03,1.34336,,,2026.04.10 09:19:15,filled,0,[sl 1.34336],undefined
2026.04.10 10:22:07,542774226,GBPUSDm,buy,0.01 / 0.01,market,,,2026.04.10 10:22:07,filled,0,0,undefined
2026.04.10 10:22:30,542774505,GBPUSDm,sell,0.01 / 0.01,market,,,2026.04.10 10:22:30,filled,0,0,undefined
2026.04.10 11:07:54,542788946,GBPUSDm,buy,0.01 / 0.01,market,,,2026.04.10 11:07:54,filled,0,0,undefined
2026.04.10 19:23:29,543035161,XAUUSDm,buy,0.01 / 0.01,market,,,2026.04.10 19:23:29,filled,0,0,undefined
2026.04.10 19:30:01,543036330,XAUUSDm,sell,0.01 / 0.01,4762.767,,,2026.04.10 19:30:01,filled,0,[sl 4762.767],undefined
2026.04.13 12:57:04,543514422,GBPUSDm,sell,0.03 / 0.03,market,,,2026.04.13 12:57:04,filled,0,0,undefined
2026.04.14 07:44:26,543878226,XAUUSDm,buy,0.01 / 0.01,market,,,2026.04.14 07:44:26,filled,0,0,undefined
2026.04.14 08:15:31,543889695,XAUUSDm,sell,0.01 / 0.01,market,,,2026.04.14 08:15:31,filled,0,0,undefined
2026.04.15 06:55:39,544330654,XAUUSDm,sell limit,0.01 / 0.01,4817.205,,,2026.04.15 08:57:56,filled,0,0,undefined
2026.04.15 09:08:17,544386235,XAUUSDm,buy,0.01 / 0.01,market,,,2026.04.15 09:08:17,filled,0,0,undefined
2026.04.16 06:48:14,544815758,GBPUSDm,buy,0.03 / 0.03,market,,,2026.04.16 06:48:14,filled,0,0,undefined
2026.04.16 07:13:01,544826417,XAUUSDm,sell,0.01 / 0.01,market,,,2026.04.16 07:13:01,filled,0,0,undefined
2026.04.16 07:21:13,544830117,XAUUSDm,buy,0.01 / 0.01,market,,,2026.04.16 07:21:13,filled,0,0,undefined
2026.04.16 12:35:19,544955774,XAUUSDm,buy,0.01 / 0.01,market,,,2026.04.16 12:35:20,filled,0,0,undefined
2026.04.16 12:38:18,544957234,XAUUSDm,buy,0.01 / 0.01,market,,,2026.04.16 12:38:18,filled,0,0,undefined
2026.04.16 16:14:15,545089872,XAUUSDm,sell,0.01 / 0.01,market,,,2026.04.16 16:14:15,filled,0,0,undefined
2026.04.16 16:26:53,545094880,XAUUSDm,buy,0.01 / 0.01,market,,,2026.04.16 16:26:53,filled,0,0,undefined
2026.04.17 07:06:30,545270641,XAUUSDm,buy,0.01 / 0.01,market,,,2026.04.17 07:06:30,filled,0,0,undefined
2026.04.17 11:01:00,545363662,XAUUSDm,buy,0.01 / 0.01,market,,,2026.04.17 11:01:00,filled,0,0,undefined
2026.04.17 11:13:01,545367758,XAUUSDm,sell,0.01 / 0.01,4785.998,,,2026.04.17 11:13:01,filled,0,[sl 4785.998],undefined
2026.04.17 11:37:49,545377059,GBPUSDm,sell,0.03 / 0.03,market,,,2026.04.17 11:37:50,filled,0,0,undefined
2026.04.17 12:20:50,545398269,GBPUSDm,buy,0.03 / 0.03,1.35377,,,2026.04.17 12:20:50,filled,0,[sl 1.35377],undefined
2026.04.17 12:24:24,545399975,GBPUSDm,sell,0.03 / 0.03,market,,,2026.04.17 12:24:25,filled,0,0,undefined
2026.04.17 12:25:35,545402206,GBPUSDm,buy,0.03 / 0.03,1.35409,,,2026.04.17 12:25:35,filled,0,[sl 1.35409],undefined
2026.04.20 08:30:51,545992934,XAUUSDm,buy,0.01 / 0.01,market,,,2026.04.20 08:30:52,filled,0,0,undefined
2026.04.20 08:52:54,546001144,XAUUSDm,sell,0.01 / 0.01,market,,,2026.04.20 08:52:54,filled,0,0,undefined
2026.04.20 15:58:51,546228155,XAUUSDm,sell,0.01 / 0.01,market,,,2026.04.20 15:58:51,filled,0,0,undefined
2026.04.20 15:59:22,546228310,XAUUSDm,buy,0.01 / 0.01,market,,,2026.04.20 15:59:22,filled,0,0,undefined
2026.04.21 11:28:19,546503848,GBPUSDm,sell,0.01 / 0.01,market,,,2026.04.21 11:28:19,filled,0,0,undefined
2026.04.21 11:28:35,546503909,GBPUSDm,sell,0.01 / 0.01,market,,,2026.04.21 11:28:35,filled,0,0,undefined
2026.04.21 14:12:12,546613356,XAUUSDm,sell,0.01 / 0.01,market,,,2026.04.21 14:12:12,filled,0,0,undefined
2026.04.21 14:13:26,546614021,XAUUSDm,buy,0.01 / 0.01,market,,,2026.04.21 14:13:26,filled,0,0,undefined
2026.04.21 14:41:37,546633426,GBPUSDm,buy,0.01 / 0.01,1.35358,,,2026.04.21 14:41:37,filled,0,[sl 1.35358],undefined
2026.04.21 14:41:37,546633430,GBPUSDm,buy,0.01 / 0.01,1.3536,,,2026.04.21 14:41:37,filled,0,[sl 1.35360],undefined
2026.04.22 07:30:26,546912608,GBPUSDm,buy,0.03 / 0.03,market,,,2026.04.22 07:30:26,filled,0,0,undefined
2026.04.22 09:01:45,546947395,GBPUSDm,sell,0.03 / 0.03,market,,,2026.04.22 09:01:45,filled,0,0,undefined
2026.04.22 19:28:35,547233545,XAUUSDm,buy limit,0.01 / 0.01,4743.026,,,2026.04.22 19:30:26,filled,0,0,undefined
2026.04.23 16:03:40,547635172,GBPUSDm,buy,0.03 / 0.03,market,,,2026.04.23 16:03:40,filled,0,0,undefined
2026.04.27 13:32:57,548622034,GBPUSDm,buy,0.01 / 0.01,market,,,2026.04.27 13:32:57,filled,0,0,undefined
2026.04.27 17:16:54,548749125,GBPUSDm,sell,0.01 / 0.01,1.35335,,,2026.04.27 17:16:54,filled,0,[sl 1.35335],undefined
2026.04.28 14:02:03,549166888,XAUUSDm,sell limit,0.01 / 0,4577.878,4593.034,4564.692,2026.04.28 14:23:31,canceled,0,0,undefined
2026.04.28 14:46:07,549202268,GBPUSDm,sell limit,0.03 / 0,1.35004,1.35103,1.34854,2026.04.28 15:01:04,canceled,0,0,undefined
2026.04.28 15:01:06,549213282,GBPUSDm,sell,0.03 / 0.03,market,,,2026.04.28 15:01:06,filled,0,0,undefined
2026.04.28 15:37:31,549230955,GBPUSDm,buy,0.03 / 0.03,1.35103,,,2026.04.28 15:37:31,filled,0,[sl 1.35103],undefined
2026.04.29 13:15:34,549641312,GBPUSDm,sell,0.03 / 0.03,market,,,2026.04.29 13:15:34,filled,0,0,undefined
2026.05.01 08:20:06,550605633,GBPUSDm,buy,0.02 / 0.02,market,,,2026.05.01 08:20:06,filled,0,0,undefined
2026.05.01 08:34:36,550614013,GBPUSDm,sell,0.02 / 0.02,market,,,2026.05.01 08:34:36,filled,0,0,undefined
2026.05.01 10:15:49,550653566,GBPUSDm,sell,0.03 / 0.03,market,,,2026.05.01 10:15:49,filled,0,0,undefined
2026.05.01 10:45:54,550666610,GBPUSDm,buy,0.03 / 0.03,market,,,2026.05.01 10:45:54,filled,0,0,undefined
2026.05.01 14:45:02,550828399,GBPUSDm,buy,0.03 / 0.03,market,,,2026.05.01 14:45:02,filled,0,0,undefined
2026.05.01 18:12:09,550918519,XAUUSDm,sell,0.01 / 0.01,market,,,2026.05.01 18:12:09,filled,0,0,undefined
2026.05.01 18:38:17,550926772,XAUUSDm,buy,0.01 / 0.01,market,,,2026.05.01 18:38:17,filled,0,0,undefined
2026.05.04 06:17:34,551246377,XAUUSDm,sell,0.01 / 0.01,market,,,2026.05.04 06:17:34,filled,0,0,undefined
2026.05.04 13:02:06,551475545,XAUUSDm,sell limit,0.01 / 0.01,4568.487,,,2026.05.04 13:04:39,filled,0,0,undefined
2026.05.04 13:16:53,551486470,XAUUSDm,buy,0.01 / 0.01,market,,,2026.05.04 13:16:53,filled,0,0,undefined
2026.05.06 14:25:04,552555354,XAUUSDm,sell limit,0.01 / 0.01,4711.994,,,2026.05.06 14:25:18,filled,0,0,undefined
2026.05.06 14:31:39,552559517,XAUUSDm,buy,0.01 / 0.01,market,,,2026.05.06 14:31:39,filled,0,0,undefined
2026.05.08 15:08:58,553508083,XAUUSDm,buy,0.01 / 0.01,market,,,2026.05.08 15:08:58,filled,0,0,undefined
2026.05.08 15:12:36,553509849,XAUUSDm,sell,0.01 / 0.01,4712.322,,,2026.05.08 15:12:36,filled,0,[sl 4712.322],undefined
2026.05.11 12:11:08,553997591,GBPUSDm,buy,0.05 / 0.05,market,,,2026.05.11 12:11:08,filled,0,0,undefined
2026.05.11 12:18:44,554000802,GBPUSDm,buy,0.01 / 0.01,market,,,2026.05.11 12:18:44,filled,0,0,undefined
2026.05.11 12:20:30,554002072,GBPUSDm,buy,0.01 / 0.01,market,,,2026.05.11 12:20:30,filled,0,0,undefined
2026.05.11 13:09:44,554041912,GBPUSDm,sell,0.01 / 0.01,market,,,2026.05.11 13:09:44,filled,0,0,undefined
2026.05.11 13:09:44,554041913,GBPUSDm,sell,0.01 / 0.01,market,,,2026.05.11 13:09:44,filled,0,0,undefined
2026.05.11 18:42:19,554211266,XAUUSDm,sell limit,0.01 / 0.01,4727.407,,,2026.05.11 18:43:41,filled,0,0,undefined
2026.05.11 18:54:16,554213361,XAUUSDm,buy,0.01 / 0.01,market,,,2026.05.11 18:54:16,filled,0,0,undefined
2026.05.12 12:06:12,554501874,XAUUSDm,sell limit,0.01 / 0,4706.139,4709.981,,2026.05.12 12:08:45,canceled,0,0,undefined
2026.05.12 12:40:05,554535062,XAUUSDm,buy limit,0.01 / 0.01,4696.323,,,2026.05.12 13:04:42,filled,0,0,undefined
2026.05.12 13:14:00,554560160,XAUUSDm,sell,0.01 / 0.01,4688.728,,,2026.05.12 13:14:00,filled,0,[sl 4688.728],undefined
2026.05.12 16:26:11,554680778,GBPUSDm,buy,0.05 / 0.05,market,,,2026.05.12 16:26:11,filled,0,0,undefined
2026.05.12 16:45:44,554686228,GBPUSDm,buy,0.05 / 0.05,market,,,2026.05.12 16:45:44,filled,0,0,undefined
2026.05.12 16:47:21,554687018,GBPUSDm,sell,0.05 / 0.05,1.35172,,,2026.05.12 16:47:21,filled,0,[sl 1.35172],undefined
2026.05.12 17:18:00,554696474,GBPUSDm,buy,0.05 / 0.05,market,,,2026.05.12 17:18:00,filled,0,0,undefined
2026.05.12 18:35:51,554717600,GBPUSDm,sell,0.05 / 0.05,market,,,2026.05.12 18:35:51,filled,0,0,undefined
2026.05.13 07:24:03,554874461,GBPUSDm,sell,0.05 / 0.05,market,,,2026.05.13 07:24:03,filled,0,0,undefined
2026.05.13 07:28:36,554875706,GBPUSDm,buy,0.05 / 0.05,1.35325,,,2026.05.13 07:28:36,filled,0,[sl 1.35325],undefined
2026.05.13 07:46:23,554881031,GBPUSDm,sell,0.03 / 0.03,market,,,2026.05.13 07:46:23,filled,0,0,undefined
2026.05.13 08:31:05,554895933,GBPUSDm,sell,0.03 / 0.03,market,,,2026.05.13 08:31:05,filled,0,0,undefined
2026.05.13 09:21:47,554919614,GBPUSDm,buy,0.03 / 0.03,market,,,2026.05.13 09:21:47,filled,0,0,undefined
2026.05.13 09:21:47,554919615,GBPUSDm,buy,0.03 / 0.03,market,,,2026.05.13 09:21:47,filled,0,0,undefined
2026.05.13 14:33:17,555077991,GBPUSDm,buy,0.03 / 0.03,market,,,2026.05.13 14:33:17,filled,0,0,undefined
2026.05.13 14:33:24,555078108,GBPUSDm,buy,0.02 / 0.02,market,,,2026.05.13 14:33:24,filled,0,0,undefined
2026.05.13 15:31:08,555101854,GBPUSDm,buy,0.02 / 0.02,market,,,2026.05.13 15:31:08,filled,0,0,undefined
2026.05.13 15:31:25,555101975,GBPUSDm,buy,0.02 / 0.02,market,,,2026.05.13 15:31:25,filled,0,0,undefined
2026.05.14 07:40:26,555289481,GBPUSDm,sell,0.02 / 0.02,market,,,2026.05.14 07:40:26,filled,0,0,undefined
2026.05.14 08:31:33,555310894,GBPUSDm,sell,0.1 / 0.1,market,,,2026.05.14 08:31:33,filled,0,0,undefined
2026.05.14 09:05:36,555321412,GBPUSDm,sell,0.06 / 0.06,market,,,2026.05.14 09:05:36,filled,0,0,undefined
2026.05.14 12:21:26,555379789,GBPUSDm,sell,0.06 / 0.06,market,,,2026.05.14 12:21:26,filled,0,0,undefined
2026.05.14 13:14:37,555404750,GBPUSDm,buy,0.06 / 0.06,market,,,2026.05.14 13:14:37,filled,0,0,undefined
2026.05.14 13:21:44,555409283,GBPUSDm,buy,0.06 / 0.06,market,,,2026.05.14 13:21:44,filled,0,0,undefined
2026.05.14 14:39:31,555464573,GBPUSDm,sell,0.02 / 0.02,market,,,2026.05.14 14:39:31,filled,0,0,undefined
2026.05.14 14:45:04,555466875,XAUUSDm,sell,0.01 / 0.01,market,,,2026.05.14 14:45:04,filled,0,0,undefined
2026.05.14 14:55:47,555472947,XAUUSDm,buy,0.01 / 0.01,market,,,2026.05.14 14:55:47,filled,0,0,undefined
2026.05.14 14:56:23,555473248,GBPUSDm,buy,0.02 / 0.02,market,,,2026.05.14 14:56:23,filled,0,0,undefined
2026.05.14 15:53:05,555496502,GBPUSDm,sell,0.06 / 0.06,market,,,2026.05.14 15:53:05,filled,0,0,undefined
2026.05.14 16:08:14,555502577,GBPUSDm,buy,0.06 / 0.06,market,,,2026.05.14 16:08:14,filled,0,0,undefined
2026.05.15 13:29:18,555891018,GBPUSDm,buy,0.01 / 0.01,market,,,2026.05.15 13:29:18,filled,0,0,undefined
2026.05.15 13:39:02,555899701,GBPUSDm,buy,0.06 / 0.06,market,,,2026.05.15 13:39:02,filled,0,0,undefined
2026.05.15 13:44:51,555904475,GBPUSDm,sell,0.01 / 0.01,market,,,2026.05.15 13:44:51,filled,0,0,undefined
2026.05.18 07:48:00,556296621,GBPUSDm,buy,0.08 / 0.08,market,,,2026.05.18 07:48:00,filled,0,0,undefined
2026.05.18 07:49:24,556297174,GBPUSDm,sell,0.08 / 0.08,1.33509,,,2026.05.18 07:49:24,filled,0,[sl 1.33509],undefined
2026.05.19 08:19:05,556727206,GBPUSDm,sell,0.05 / 0.05,market,,,2026.05.19 08:19:05,filled,0,0,undefined
2026.05.19 09:08:34,556745128,GBPUSDm,sell,0.05 / 0.05,market,,,2026.05.19 09:08:34,filled,0,0,undefined
2026.05.19 09:08:45,556745183,GBPUSDm,buy,0.05 / 0.05,market,,,2026.05.19 09:08:45,filled,0,0,undefined
2026.05.19 09:08:52,556745209,GBPUSDm,sell,0.05 / 0.05,market,,,2026.05.19 09:08:52,filled,0,0,undefined
2026.05.19 09:09:55,556745580,GBPUSDm,buy,0.05 / 0.05,1.33973,,,2026.05.19 09:09:55,filled,0,[sl 1.33973],undefined
2026.05.19 09:11:16,556745915,GBPUSDm,sell,0.03 / 0.03,market,,,2026.05.19 09:11:16,filled,0,0,undefined
2026.05.19 10:33:26,556769597,GBPUSDm,buy,0.1 / 0.1,market,,,2026.05.19 10:33:26,filled,0,0,undefined
2026.05.19 10:35:11,556770123,GBPUSDm,sell,0.1 / 0.1,1.34089,,,2026.05.19 10:35:11,filled,0,[sl 1.34089],undefined
2026.05.19 11:11:15,556788879,GBPUSDm,buy,0.1 / 0.1,market,,,2026.05.19 11:11:15,filled,0,0,undefined
2026.05.19 11:16:15,556790824,GBPUSDm,sell,0.1 / 0.1,1.34024,,,2026.05.19 11:16:15,filled,0,[sl 1.34024],undefined
2026.05.19 11:18:19,556791523,GBPUSDm,buy,0.07 / 0.07,market,,,2026.05.19 11:18:19,filled,0,0,undefined
2026.05.19 12:02:03,556806652,GBPUSDm,buy,0.05 / 0.05,market,,,2026.05.19 12:02:03,filled,0,0,undefined
2026.05.19 13:03:59,556833813,GBPUSDm,sell,0.07 / 0.07,1.34015,,,2026.05.19 13:03:59,filled,0,[sl 1.34015],undefined
2026.05.19 13:35:36,556866460,GBPUSDm,sell,0.05 / 0.05,market,,,2026.05.19 13:35:36,filled,0,0,undefined
2026.05.19 14:30:09,556907194,GBPUSDm,sell,0.07 / 0.07,market,,,2026.05.19 14:30:09,filled,0,0,undefined
2026.05.19 14:35:40,556910855,GBPUSDm,sell,0.03 / 0.03,market,,,2026.05.19 14:35:40,filled,0,0,undefined
2026.05.19 14:55:43,556919883,GBPUSDm,buy,0.03 / 0.03,1.33912,,,2026.05.19 14:55:43,filled,0,[sl 1.33912],undefined
2026.05.19 15:06:42,556924200,GBPUSDm,buy,0.07 / 0.07,1.33965,,,2026.05.19 15:06:43,filled,0,[sl 1.33965],undefined
2026.05.20 11:11:46,557179590,GBPUSDm,buy,0.05 / 0.05,market,,,2026.05.20 11:11:46,filled,0,0,undefined
2026.05.20 11:17:10,557180826,GBPUSDm,sell,0.05 / 0.05,market,,,2026.05.20 11:17:10,filled,0,0,undefined
2026.05.20 11:57:23,557196684,GBPUSDm,buy,0.05 / 0.05,market,,,2026.05.20 11:57:23,filled,0,0,undefined
2026.05.20 13:02:31,557220545,GBPUSDm,buy,0.07 / 0.07,market,,,2026.05.20 13:02:31,filled,0,0,undefined
2026.05.20 13:16:47,557227095,GBPUSDm,sell,0.07 / 0.07,1.33936,,,2026.05.20 13:16:47,filled,0,[sl 1.33936],undefined
2026.05.21 08:08:35,557527215,GBPUSDm,sell,0.03 / 0.03,market,,,2026.05.21 08:08:35,filled,0,0,undefined
2026.05.21 08:11:07,557529151,GBPUSDm,buy,0.03 / 0.03,1.34409,,,2026.05.21 08:11:07,filled,0,[sl 1.34409],undefined
2026.05.21 09:40:55,557569752,GBPUSDm,buy,0.06 / 0.06,market,,,2026.05.21 09:40:55,filled,0,0,undefined
2026.05.21 09:41:31,557570010,GBPUSDm,buy,0.02 / 0.02,market,,,2026.05.21 09:41:31,filled,0,0,undefined
2026.05.21 11:12:17,557611871,GBPUSDm,sell,0.06 / 0.06,market,,,2026.05.21 11:12:17,filled,0,0,undefined
2026.05.21 11:18:35,557613519,GBPUSDm,sell,0.06 / 0.06,market,,,2026.05.21 11:18:35,filled,0,0,undefined
2026.05.21 11:20:23,557614388,GBPUSDm,buy,0.06 / 0.06,1.34352,,,2026.05.21 11:20:23,filled,0,[sl 1.34352],undefined
2026.05.21 11:20:24,557614391,GBPUSDm,buy,0.06 / 0.06,1.34354,,,2026.05.21 11:20:24,filled,0,[sl 1.34354],undefined
2026.05.21 12:35:10,557647234,GBPUSDm,sell,0.1 / 0.1,market,,,2026.05.21 12:35:10,filled,0,0,undefined
2026.05.21 12:44:47,557651642,GBPUSDm,buy,0.1 / 0.1,1.34257,,,2026.05.21 12:44:48,filled,0,[sl 1.34257],undefined
2026.05.21 12:50:20,557654209,GBPUSDm,sell,0.03 / 0.03,market,,,2026.05.21 12:50:20,filled,0,0,undefined
2026.05.21 13:55:45,557700638,GBPUSDm,sell,0.04 / 0.04,market,,,2026.05.21 13:55:45,filled,0,0,undefined
2026.05.21 17:15:19,557772434,GBPUSDm,buy,0.04 / 0.04,1.34224,,,2026.05.21 17:15:19,filled,0,[sl 1.34224],undefined
2026.05.22 09:03:13,557970267,GBPUSDm,buy,0.08 / 0.08,market,,,2026.05.22 09:03:13,filled,0,0,undefined
2026.05.22 09:07:38,557971741,GBPUSDm,buy,0.08 / 0.08,market,,,2026.05.22 09:07:38,filled,0,0,undefined
2026.05.22 09:08:17,557972078,GBPUSDm,buy,0.08 / 0.08,market,,,2026.05.22 09:08:17,filled,0,0,undefined
2026.05.22 09:09:01,557972260,GBPUSDm,sell,0.08 / 0.08,1.34227,,,2026.05.22 09:09:01,filled,0,[sl 1.34227],undefined
2026.05.22 09:09:01,557972261,GBPUSDm,sell,0.08 / 0.08,1.34227,,,2026.05.22 09:09:01,filled,0,[sl 1.34227],undefined
2026.05.25 06:41:19,558498713,GBPUSDm,buy,0.05 / 0.05,market,,,2026.05.25 06:41:19,filled,0,0,undefined
2026.05.25 06:43:20,558499120,EURUSDm,buy,0.1 / 0.1,market,,,2026.05.25 06:43:20,filled,0,0,undefined
2026.05.25 06:43:47,558499208,EURUSDm,buy,0.05 / 0.05,market,,,2026.05.25 06:43:47,filled,0,0,undefined
2026.05.25 07:04:19,558506106,EURUSDm,buy,0.1 / 0.1,market,,,2026.05.25 07:04:19,filled,0,0,undefined
2026.05.25 07:08:34,558507465,GBPUSDm,sell,0.05 / 0.05,market,,,2026.05.25 07:08:34,filled,0,0,undefined
2026.05.25 08:02:30,558528457,EURUSDm,sell limit,0.06 / 0.06,1.16345,,,2026.05.25 08:04:00,filled,0,0,undefined
2026.05.25 08:21:15,558534613,GBPUSDm,sell,0.05 / 0.05,market,,,2026.05.25 08:21:15,filled,0,0,undefined
2026.05.25 08:36:03,558541345,GBPUSDm,buy,0.05 / 0.05,market,,,2026.05.25 08:36:03,filled,0,0,undefined
2026.05.25 09:45:41,558563793,EURUSDm,buy,0.03 / 0.03,market,,,2026.05.25 09:45:41,filled,0,0,undefined
2026.05.27 11:39:06,559515692,GBPUSDm,sell,0.02 / 0.02,market,,,2026.05.27 11:39:06,filled,0,0,undefined
2026.06.02 10:26:27,561656492,EURUSDm,sell,0.05 / 0.05,market,,,2026.06.02 10:26:27,filled,0,0,undefined
2026.06.02 13:43:38,561758274,GBPUSDm,buy,0.05 / 0.05,market,,,2026.06.02 13:43:38,filled,0,0,undefined
2026.06.02 13:49:29,561762470,GBPUSDm,buy,0.03 / 0.03,market,,,2026.06.02 13:49:29,filled,0,0,undefined
2026.06.02 14:30:04,561800310,GBPUSDm,sell,0.04 / 0.04,market,,,2026.06.02 14:30:04,filled,0,0,undefined
2026.06.02 14:42:49,561809256,EURUSDm,sell,0.05 / 0.05,market,,,2026.06.02 14:42:49,filled,0,0,undefined
2026.06.02 17:17:19,561887410,EURUSDm,buy,0.05 / 0.05,market,,,2026.06.02 17:17:19,filled,0,0,undefined
2026.06.03 08:00:21,562118725,EURUSDm,sell,0.03 / 0.03,market,,,2026.06.03 08:00:21,filled,0,0,undefined
2026.06.03 08:15:20,562125440,GBPUSDm,sell,0.02 / 0.02,market,,,2026.06.03 08:15:20,filled,0,0,undefined
2026.06.03 12:41:26,562254203,EURUSDm,buy,0.03 / 0.03,market,,,2026.06.03 12:41:26,filled,0,0,undefined
2026.06.03 15:13:07,562374898,XAUUSDm,sell,0.01 / 0.01,market,,,2026.06.03 15:13:07,filled,0,0,undefined
2026.06.04 08:30:18,562680379,GBPUSDm,sell,0.04 / 0.04,market,,,2026.06.04 08:30:18,filled,0,0,undefined
2026.06.04 08:31:00,562681562,GBPUSDm,buy,0.04 / 0.04,market,,,2026.06.04 08:31:00,filled,0,0,undefined
2026.06.04 08:34:23,562683464,EURUSDm,sell,0.04 / 0.04,market,,,2026.06.04 08:34:23,filled,0,0,undefined
2026.06.04 12:22:15,562814461,EURUSDm,sell,0.02 / 0.02,market,,,2026.06.04 12:22:16,filled,0,0,undefined
2026.06.04 12:22:39,562814740,GBPUSDm,sell,0.03 / 0.03,market,,,2026.06.04 12:22:39,filled,0,0,undefined
2026.06.04 15:33:33,562937893,EURUSDm,buy,0.02 / 0.02,market,,,2026.06.04 15:33:33,filled,0,0,undefined
2026.06.04 15:33:33,562937894,GBPUSDm,buy,0.03 / 0.03,market,,,2026.06.04 15:33:33,filled,0,0,undefined
2026.06.05 08:59:50,563237554,EURUSDm,sell,0.03 / 0.03,market,,,2026.06.05 08:59:50,filled,0,0,undefined
2026.06.05 09:00:30,563238002,GBPUSDm,sell,0.04 / 0.04,market,,,2026.06.05 09:00:30,filled,0,0,undefined
2026.06.05 09:09:15,563241518,GBPUSDm,buy,0.04 / 0.04,1.34596,,,2026.06.05 09:09:15,filled,0,[sl 1.34596],undefined
2026.06.05 09:09:45,563241753,EURUSDm,buy,0.03 / 0.03,market,,,2026.06.05 09:09:45,filled,0,0,undefined
2026.06.05 10:02:27,563264463,EURUSDm,buy,0.05 / 0.05,market,,,2026.06.05 10:02:27,filled,0,0,undefined
2026.06.05 10:03:14,563264651,GBPUSDm,buy,0.02 / 0.02,market,,,2026.06.05 10:03:14,filled,0,0,undefined
2026.06.05 10:31:56,563272002,GBPUSDm,sell,0.02 / 0.02,market,,,2026.06.05 10:31:56,filled,0,0,undefined
2026.06.05 10:34:40,563273191,EURUSDm,sell,0.05 / 0.05,market,,,2026.06.05 10:34:40,filled,0,0,undefined
2026.06.05 11:45:15,563297284,EURUSDm,buy,0.05 / 0.05,market,,,2026.06.05 11:45:15,filled,0,0,undefined
2026.06.05 11:45:25,563297326,EURUSDm,buy,0.05 / 0.05,market,,,2026.06.05 11:45:25,filled,0,0,undefined
2026.06.05 12:18:25,563318791,EURUSDm,sell,0.05 / 0.05,1.16365,,,2026.06.05 12:18:25,filled,0,[sl 1.16365],undefined
2026.06.05 12:18:25,563318792,EURUSDm,sell,0.05 / 0.05,1.16366,,,2026.06.05 12:18:25,filled,0,[sl 1.16366],undefined
2026.06.05 13:34:58,563428060,GBPUSDm,sell,0.01 / 0.01,market,,,2026.06.05 13:34:58,filled,0,0,undefined
2026.06.05 14:23:03,563482541,GBPUSDm,buy,0.01 / 0.01,market,,,2026.06.05 14:23:03,filled,0,0,undefined
2026.06.08 07:42:18,564115800,GBPUSDm,sell,0.03 / 0.03,market,,,2026.06.08 07:42:18,filled,0,0,undefined
2026.06.08 08:29:46,564139543,GBPUSDm,buy,0.03 / 0.03,market,,,2026.06.08 08:29:46,filled,0,0,undefined
2026.06.08 08:45:44,564146158,EURUSDm,buy,0.06 / 0.06,market,,,2026.06.08 08:45:44,filled,0,0,undefined
2026.06.08 08:47:24,564147150,EURUSDm,buy,0.04 / 0.04,market,,,2026.06.08 08:47:24,filled,0,0,undefined
2026.06.08 14:45:21,564350530,EURUSDm,sell,0.04 / 0.04,market,,,2026.06.08 14:45:21,filled,0,0,undefined
2026.06.08 14:47:34,564352067,EURUSDm,sell,0.04 / 0.04,market,,,2026.06.08 14:47:34,filled,0,0,undefined
2026.06.09 12:20:39,564710808,EURUSDm,sell,0.03 / 0.03,market,,,2026.06.09 12:20:39,filled,0,0,undefined
2026.06.10 07:30:13,565222095,EURUSDm,sell,0.04 / 0.04,market,,,2026.06.10 07:30:13,filled,0,0,undefined
2026.06.10 07:30:40,565222402,GBPUSDm,sell,0.03 / 0.03,market,,,2026.06.10 07:30:40,filled,0,0,undefined
2026.06.10 09:00:19,565269674,GBPUSDm,sell,0.03 / 0.03,market,,,2026.06.10 09:00:19,filled,0,0,undefined
2026.06.10 09:30:57,565284138,EURUSDm,sell,0.04 / 0.04,market,,,2026.06.10 09:30:57,filled,0,0,undefined
2026.06.11 00:25:47,565701131,EURUSDm,sell,0.03 / 0.03,market,,,2026.06.11 00:25:47,filled,0,0,undefined
2026.06.11 01:22:28,565715327,EURUSDm,sell stop,0.03 / 0,1.15493,1.15748,,2026.06.11 01:47:09,canceled,0,0,undefined
2026.06.11 01:53:19,565721275,EURUSDm,sell,0.03 / 0.03,market,,,2026.06.11 01:53:19,filled,0,0,undefined
2026.06.11 01:57:29,565722126,EURUSDm,buy,0.03 / 0.03,market,,,2026.06.11 01:57:29,filled,0,0,undefined
2026.06.11 06:45:08,565783537,EURUSDm,sell,0.03 / 0.03,market,,,2026.06.11 06:45:08,filled,0,0,undefined
2026.06.11 06:45:08,565783539,EURUSDm,sell,0.03 / 0.03,market,,,2026.06.11 06:45:08,filled,0,0,undefined
2026.06.11 11:20:47,565892292,EURUSDm,sell,0.03 / 0.03,market,,,2026.06.11 11:20:47,filled,0,0,undefined
2026.06.11 13:02:29,565957274,EURUSDm,sell,0.04 / 0.04,market,,,2026.06.11 13:02:29,filled,0,0,undefined
2026.06.11 17:33:26,566104343,EURUSDm,buy,0.03 / 0.03,market,,,2026.06.11 17:33:26,filled,0,0,undefined
2026.06.11 17:33:26,566104346,EURUSDm,buy,0.04 / 0.04,market,,,2026.06.11 17:33:26,filled,0,0,undefined
2026.06.11 17:33:26,566104347,EURUSDm,buy,0.03 / 0.03,market,,,2026.06.11 17:33:26,filled,0,0,undefined
2026.06.11 17:33:26,566104348,EURUSDm,buy,0.03 / 0.03,market,,,2026.06.11 17:33:26,filled,0,0,undefined
2026.06.11 17:35:21,566106937,EURUSDm,sell,0.1 / 0.1,market,,,2026.06.11 17:35:21,filled,0,0,undefined
2026.06.12 13:02:53,566432265,EURUSDm,buy,0.03 / 0.03,market,,,2026.06.12 13:02:53,filled,0,0,undefined
2026.06.12 13:39:37,566451649,USTECm,buy,0.01 / 0.01,market,,,2026.06.12 13:39:37,filled,0,0,undefined
2026.06.12 13:40:20,566452143,USTECm,sell,0.01 / 0.01,market,,,2026.06.12 13:40:20,filled,0,0,undefined
2026.06.12 15:39:18,566522993,EURUSDm,sell,0.03 / 0.03,market,,,2026.06.12 15:39:18,filled,0,0,undefined
2026.06.15 08:02:26,566931856,GBPUSDm,buy,0.05 / 0.05,market,,,2026.06.15 08:02:26,filled,0,0,undefined
2026.06.15 08:10:30,566936014,GBPUSDm,sell,0.02 / 0.02,market,,,2026.06.15 08:10:30,filled,0,0,undefined
2026.06.15 08:23:03,566941935,EURUSDm,buy,0.03 / 0.03,market,,,2026.06.15 08:23:03,filled,0,0,undefined
2026.06.15 08:39:41,566952828,GBPUSDm,sell,0.03 / 0.03,1.34275,,,2026.06.15 08:39:41,filled,0,[sl 1.34275],undefined
2026.06.15 16:51:38,567188368,SPCXm,buy,0.01 / 0.01,market,,,2026.06.15 16:51:38,filled,0,0,undefined
2026.06.16 12:15:40,567487706,EURUSDm,sell,0.01 / 0.01,market,,,2026.06.16 12:15:40,filled,0,0,undefined
2026.06.16 14:01:28,567550961,EURUSDm,buy,0.01 / 0.01,market,,,2026.06.16 14:01:28,filled,0,0,undefined
2026.06.16 14:45:25,567580057,EURUSDm,sell,0.03 / 0.03,market,,,2026.06.16 14:45:25,filled,0,0,undefined
2026.06.16 14:46:01,567580363,EURUSDm,sell,0.06 / 0.06,market,,,2026.06.16 14:46:01,filled,0,0,undefined
2026.06.16 14:46:24,567580565,EURUSDm,buy,0.06 / 0.06,market,,,2026.06.16 14:46:24,filled,0,0,undefined
2026.06.18 07:52:14,568270299,EURUSDm,sell,0.02 / 0.02,market,,,2026.06.18 07:52:14,filled,0,0,undefined
2026.06.18 13:13:29,568401369,EURUSDm,buy,0.02 / 0.02,market,,,2026.06.18 13:13:29,filled,0,0,undefined
2026.06.18 13:39:56,568418664,EURUSDm,sell,0.02 / 0.02,market,,,2026.06.18 13:39:56,filled,0,0,undefined
2026.06.18 13:45:20,568422424,EURUSDm,buy,0.01 / 0.01,market,,,2026.06.18 13:45:20,filled,0,0,undefined
2026.06.18 13:45:39,568422619,EURUSDm,buy,0.01 / 0.01,market,,,2026.06.18 13:45:39,filled,0,0,undefined
2026.06.18 15:08:07,568471238,EURUSDm,sell,0.01 / 0.01,market,,,2026.06.18 15:08:07,filled,0,0,undefined
2026.06.18 15:08:07,568471239,EURUSDm,sell,0.01 / 0.01,market,,,2026.06.18 15:08:07,filled,0,0,undefined
2026.06.18 16:51:13,568518927,SPCXm,buy,0.01 / 0.01,market,,,2026.06.18 16:51:13,filled,0,0,undefined
2026.06.19 07:51:50,568740286,EURUSDm,sell,0.04 / 0.04,market,,,2026.06.19 07:51:50,filled,0,0,undefined
2026.06.19 08:29:24,568753144,EURUSDm,sell,0.04 / 0.04,market,,,2026.06.19 08:29:24,filled,0,0,undefined
2026.06.22 06:31:01,569287087,EURUSDm,sell,0.02 / 0.02,market,,,2026.06.22 06:31:01,filled,0,0,undefined
2026.06.22 09:30:41,569353507,EURUSDm,sell,0.03 / 0.03,market,,,2026.06.22 09:30:41,filled,0,0,undefined
2026.06.22 10:22:42,569369446,EURUSDm,buy,0.01 / 0.01,market,,,2026.06.22 10:22:42,filled,0,0,undefined
2026.06.22 10:22:58,569369502,EURUSDm,buy,0.02 / 0.02,market,,,2026.06.22 10:22:58,filled,0,0,undefined
2026.06.22 11:17:05,569388798,EURUSDm,buy,0.02 / 0.02,market,,,2026.06.22 11:17:05,filled,0,0,undefined
2026.06.22 11:32:49,569393929,SPCXm,sell,0.01 / 0.01,market,,,2026.06.22 11:32:49,filled,0,0,undefined
2026.06.22 11:33:00,569394022,EURUSDm,buy,0.03 / 0.03,market,,,2026.06.22 11:33:00,filled,0,0,undefined
2026.06.22 11:57:59,569403053,EURUSDm,sell,0.03 / 0.03,market,,,2026.06.22 11:57:59,filled,0,0,undefined
2026.06.22 11:58:16,569403140,EURUSDm,sell,0.03 / 0.03,market,,,2026.06.22 11:58:16,filled,0,0,undefined
2026.06.22 11:58:35,569403211,EURUSDm,buy,0.01 / 0.01,market,,,2026.06.22 11:58:35,filled,0,0,undefined
2026.06.22 12:07:23,569407426,EURUSDm,buy,0.02 / 0.02,market,,,2026.06.22 12:07:23,filled,0,0,undefined
2026.06.22 12:07:34,569407501,EURUSDm,buy,0.02 / 0.02,market,,,2026.06.22 12:07:34,filled,0,0,undefined
2026.06.22 12:15:41,569411370,EURUSDm,buy,0.01 / 0.01,market,,,2026.06.22 12:15:41,filled,0,0,undefined
2026.07.10 11:06:27,577898187,EURUSDm,buy,0.04 / 0.04,market,,,2026.07.10 11:06:27,filled,0,0,undefined
2026.07.13 11:27:29,578575543,EURUSDm,sell,0.03 / 0.03,market,,,2026.07.13 11:27:29,filled,0,0,undefined
2026.07.13 14:20:17,578677256,EURUSDm,buy,0.03 / 0.03,market,,,2026.07.13 14:20:17,filled,0,0,undefined
2026.07.14 06:59:15,578933767,EURUSDm,sell,0.03 / 0.03,market,,,2026.07.14 06:59:15,filled,0,0,undefined
2026.07.15 12:58:41,579615141,EURUSDm,buy limit,0.03 / 0,1.14167,1.14056,1.14374,2026.07.15 15:32:32,canceled,0,0,undefined
2026.07.15 15:43:22,579727955,EURUSDm,buy,0.04 / 0.04,market,,,2026.07.15 15:43:22,filled,0,0,undefined
2026.07.15 17:15:05,579771635,EURUSDm,sell,0.04 / 0.04,market,,,2026.07.15 17:15:05,filled,0,0,undefined
2026.07.16 08:48:12,579999529,EURUSDm,sell,0.03 / 0.03,market,,,2026.07.16 08:48:12,filled,0,0,undefined
2026.07.16 08:49:00,579999793,EURUSDm,sell,0.03 / 0.03,market,,,2026.07.16 08:49:00,filled,0,0,undefined
2026.07.16 11:59:57,580077444,EURUSDm,buy,0.03 / 0.03,market,,,2026.07.16 11:59:57,filled,0,0,undefined
2026.07.16 12:13:25,580089302,EURUSDm,sell,0.03 / 0.03,market,,,2026.07.16 12:13:25,filled,0,0,undefined
2026.07.16 13:04:45,580145319,EURUSDm,buy,0.03 / 0.03,market,,,2026.07.16 13:04:45,filled,0,0,undefined
2026.07.16 15:53:22,580249907,EURUSDm,buy,0.03 / 0.03,market,,,2026.07.16 15:53:22,filled,0,0,undefined
2026.07.16 16:16:03,580262300,EURUSDm,buy,0.03 / 0.03,market,,,2026.07.16 16:16:03,filled,0,0,undefined
2026.07.16 16:19:43,580264456,EURUSDm,sell,0.03 / 0.03,1.14404,,,2026.07.16 16:19:43,filled,0,[sl 1.14404],undefined
2026.07.16 19:04:15,580323951,EURUSDm,buy,0.02 / 0.02,market,,,2026.07.16 19:04:15,filled,0,0,undefined
2026.07.17 08:34:01,580491915,EURUSDm,buy,0.04 / 0.04,market,,,2026.07.17 08:34:01,filled,0,0,undefined
2026.07.17 10:25:50,580531608,EURUSDm,sell,0.02 / 0.02,market,,,2026.07.17 10:25:50,filled,0,0,undefined
2026.07.20 08:45:07,581133755,EURUSDm,buy,0.04 / 0.04,market,,,2026.07.20 08:45:07,filled,0,0,undefined
2026.07.20 08:45:51,581134029,EURUSDm,buy,0.04 / 0.04,market,,,2026.07.20 08:45:51,filled,0,0,undefined
2026.07.20 09:03:49,581139582,EURUSDm,sell,0.04 / 0.04,1.14366,,,2026.07.20 09:03:49,filled,0,[sl 1.14366],undefined
2026.07.20 10:59:25,581178638,EURUSDm,buy,0.04 / 0.04,market,,,2026.07.20 10:59:25,filled,0,0,undefined
2026.07.20 12:13:36,581227199,EURUSDm,sell,0.04 / 0.04,1.14233,,,2026.07.20 12:13:36,filled,0,[sl 1.14233],undefined
2026.07.21 08:02:55,581590157,EURUSDm,sell,0.04 / 0.04,market,,,2026.07.21 08:02:55,filled,0,0,undefined
2026.07.21 09:11:39,581624287,EURUSDm,sell,0.04 / 0.04,market,,,2026.07.21 09:11:39,filled,0,0,undefined
2026.07.21 09:38:15,581636180,EURUSDm,buy,0.04 / 0.04,1.14275,,,2026.07.21 09:38:15,filled,0,[sl 1.14275],undefined
2026.07.21 14:55:29,581833009,EURUSDm,buy,0.04 / 0.04,market,,,2026.07.21 14:55:29,filled,0,0,undefined
2026.07.22 07:02:02,582150058,EURUSDm,buy,0.04 / 0.04,market,,,2026.07.22 07:02:02,filled,0,0,undefined
2026.07.22 07:05:27,582151498,EURUSDm,buy,0.02 / 0.02,market,,,2026.07.22 07:05:27,filled,0,0,undefined
2026.07.22 07:35:32,582163854,EURUSDm,sell,0.04 / 0.04,market,,,2026.07.22 07:35:32,filled,0,0,undefined
2026.07.22 07:35:32,582163855,EURUSDm,sell,0.02 / 0.02,market,,,2026.07.22 07:35:32,filled,0,0,undefined
2026.07.22 08:36:26,582188382,EURUSDm,sell,0.02 / 0.02,market,,,2026.07.22 08:36:26,filled,0,0,undefined
2026.07.22 10:59:09,582232314,EURUSDm,sell,0.03 / 0.03,market,,,2026.07.22 10:59:09,filled,0,0,undefined
2026.07.22 13:31:20,582311968,EURUSDm,buy,0.02 / 0.02,1.14193,,,2026.07.22 13:31:20,filled,0,[sl 1.14193],undefined
2026.07.23 06:50:51,582589748,EURUSDm,sell,0.03 / 0.03,market,,,2026.07.23 06:50:51,filled,0,0,undefined
2026.07.23 07:21:28,582606681,EURUSDm,buy,0.03 / 0.03,market,,,2026.07.23 07:21:28,filled,0,0,undefined
2026.07.24 10:31:50,583118868,EURUSDm,sell,0.02 / 0.02,market,,,2026.07.24 10:31:50,filled,0,0,undefined
2026.07.24 11:31:01,583138547,EURUSDm,sell,0.02 / 0.02,market,,,2026.07.24 11:31:01,filled,0,0,undefined
2026.07.24 11:32:02,583138931,EURUSDm,buy,0.02 / 0.02,market,,,2026.07.24 11:32:02,filled,0,0,undefined
2026.07.24 12:54:13,583178490,EURUSDm,buy,0.01 / 0.01,market,,,2026.07.24 12:54:13,filled,0,0,undefined
2026.07.24 15:40:01,583296970,EURUSDm,sell,0.05 / 0.05,market,,,2026.07.24 15:40:01,filled,0,0,undefined
2026.07.24 17:07:41,583327392,EURUSDm,buy,0.01 / 0.01,market,,,2026.07.24 17:07:41,filled,0,0,undefined
2026.07.24 17:07:41,583327393,EURUSDm,buy,0.05 / 0.05,market,,,2026.07.24 17:07:41,filled,0,0,undefined
2026.07.27 07:23:28,583715966,EURUSDm,sell,0.02 / 0.02,market,,,2026.07.27 07:23:28,filled,0,0,undefined
2026.07.27 12:15:12,583848077,EURUSDm,buy,0.01 / 0.01,market,,,2026.07.27 12:15:12,filled,0,0,undefined
2026.07.27 14:48:23,583970171,EURUSDm,buy,0.01 / 0.01,market,,,2026.07.27 14:48:23,filled,0,0,undefined
2026.07.28 07:59:42,584257068,EURUSDm,sell,0.02 / 0.02,market,,,2026.07.28 07:59:42,filled,0,0,undefined
2026.07.28 08:14:27,584268557,EURUSDm,sell,0.02 / 0.02,market,,,2026.07.28 08:14:27,filled,0,0,undefined
2026.07.28 08:43:13,584282337,EURUSDm,sell,0.05 / 0.05,market,,,2026.07.28 08:43:14,filled,0,0,undefined
2026.07.28 11:19:13,584357109,EURUSDm,sell,0.05 / 0.05,market,,,2026.07.28 11:19:13,filled,0,0,undefined
2026.07.28 13:08:25,584413174,EURUSDm,sell,0.05 / 0.05,market,,,2026.07.28 13:08:25,filled,0,0,undefined
2026.07.28 13:15:26,584415340,EURUSDm,sell,0.04 / 0.04,market,,,2026.07.28 13:15:26,filled,0,0,undefined
2026.07.28 14:04:59,584456890,EURUSDm,buy,0.02 / 0.02,1.13746,,,2026.07.28 14:04:59,filled,0,[sl 1.13746],undefined
2026.07.28 14:08:53,584460210,EURUSDm,sell,0.04 / 0.04,market,,,2026.07.28 14:08:53,filled,0,0,undefined
2026.07.28 14:52:14,584493384,EURUSDm,buy,0.04 / 0.04,market,,,2026.07.28 14:52:14,filled,0,0,undefined
2026.07.29 07:25:13,584774433,EURUSDm,buy,0.04 / 0.04,market,,,2026.07.29 07:25:13,filled,0,0,undefined
2026.07.31 08:22:14,586070331,EURUSDm,buy,0.08 / 0.08,market,,,2026.07.31 08:22:14,filled,0,0,undefined
2026.07.31 08:29:59,586074555,EURUSDm,sell,0.08 / 0.08,1.15074,,,2026.07.31 08:29:59,filled,0,[sl 1.15074],undefined
2026.07.31 08:41:37,586081174,EURUSDm,buy,0.08 / 0.08,market,,,2026.07.31 08:41:37,filled,0,0,undefined
2026.07.31 08:45:51,586082762,EURUSDm,buy,0.01 / 0.01,market,,,2026.07.31 08:45:51,filled,0,0,undefined
2026.07.31 09:22:39,586101469,EURUSDm,buy,0.02 / 0.02,market,,,2026.07.31 09:22:39,filled,0,0,undefined
2026.07.31 09:23:18,586102241,EURUSDm,buy,0.02 / 0.02,market,,,2026.07.31 09:23:18,filled,0,0,undefined
2026.07.31 09:44:38,586111435,EURUSDm,sell,0.08 / 0.08,1.15036,,,2026.07.31 09:44:39,filled,0,[sl 1.15036],undefined
2026.07.31 09:52:24,586114750,EURUSDm,buy,0.1 / 0.1,market,,,2026.07.31 09:52:24,filled,0,0,undefined
2026.07.31 09:57:53,586116460,EURUSDm,buy,0.1 / 0.1,market,,,2026.07.31 09:57:53,filled,0,0,undefined
2026.07.31 10:18:10,586124072,EURUSDm,sell,0.1 / 0.1,1.15027,,,2026.07.31 10:18:10,filled,0,[sl 1.15027],undefined
Deals,undefined,undefined,undefined,undefined,undefined,,,undefined,undefined,0,0,undefined
Time,Deal,Symbol,Type,Direction,Volume,Price,Order,Commission,Fee,Swap,Profit,Balance
2026.02.09 10:08:30,272667072,undefined,balance,undefined,undefined,,,0,0,0,15.53,15.53
2026.02.10 10:48:28,273287219,GBPUSDm,sell,in,0.01,1.36647,511749575,0,0,0,0,15.53
2026.02.10 11:13:04,273299549,GBPUSDm,buy,out,0.01,1.36645,511761805,0,0,0,0.02,15.55
2026.02.10 12:30:03,273335746,GBPUSDm,sell,in,0.01,1.36788,511797401,0,0,0,0,15.55
2026.02.10 14:30:13,273415174,GBPUSDm,buy,out,0.01,1.36967,511882176,0,0,0,-1.79,13.76
2026.02.11 11:53:44,273886571,GBPUSDm,buy,in,0.02,1.36953,512345641,0,0,0,0,13.76
2026.02.11 12:06:28,273894352,GBPUSDm,buy,in,0.02,1.36883,512353199,0,0,0,0,13.76
2026.02.11 12:08:18,273895603,GBPUSDm,sell,out,0.02,1.36855,,0,0,0,-0.56,13.2
2026.02.11 12:09:52,273896628,GBPUSDm,sell,out,0.02,1.36854,512355365,0,0,0,-1.98,11.22
2026.02.12 06:18:30,274310721,GBPUSDm,buy,in,0.01,1.36164,512788748,0,0,0,0,11.22
2026.02.12 06:32:23,274317297,GBPUSDm,sell,out,0.01,1.36078,512794746,0,0,0,-0.86,10.36
2026.02.12 08:47:06,274373872,GBPUSDm,buy,in,0.01,1.36284,512853341,0,0,0,0,10.36
2026.02.12 10:16:12,274415081,GBPUSDm,buy,in,0.01,1.36397,512893367,0,0,0,0,10.36
2026.02.12 12:54:26,274483060,GBPUSDm,sell,out,0.01,1.3624,512960856,0,0,0,-0.44,9.92
2026.02.12 12:54:26,274483064,GBPUSDm,sell,out,0.01,1.36239,,0,0,0,-1.58,8.34
2026.02.16 11:00:32,275721963,GBPUSDm,sell,in,0.01,1.36495,514235176,0,0,0,0,8.34
2026.02.16 13:36:14,275788144,GBPUSDm,buy,out,0.01,1.36305,514306564,0,0,0,1.9,10.24
2026.02.16 14:19:54,275808853,GBPUSDm,sell,in,0.01,1.3636,514327313,0,0,0,0,10.24
2026.02.16 16:12:01,275868189,GBPUSDm,buy,out,0.01,1.36339,514388212,0,0,0,0.21,10.45
2026.02.17 08:53:00,276123243,EURUSDm,sell,in,0.03,1.18429,514649254,0,0,0,0,10.45
2026.02.17 09:35:05,276142254,EURUSDm,buy,out,0.03,1.18499,,0,0,0,-2.1,8.35
2026.02.18 09:45:23,276688905,GBPUSDm,buy,in,0.01,1.35674,515224254,0,0,0,0,8.35
2026.02.18 10:27:19,276707865,GBPUSDm,buy,in,0.01,1.35805,515243388,0,0,0,0,8.35
2026.02.18 10:48:24,276719579,GBPUSDm,sell,out,0.01,1.35733,515254699,0,0,0,-0.72,7.63
2026.02.18 10:48:24,276719580,GBPUSDm,sell,out,0.01,1.35733,515254698,0,0,0,0.59,8.22
2026.02.18 10:50:58,276720219,EURUSDm,sell,in,0.01,1.18339,515255362,0,0,0,0,8.22
2026.02.18 10:53:26,276721323,EURUSDm,sell,in,0.01,1.18349,515256468,0,0,0,0,8.22
2026.02.18 12:36:24,276770559,EURUSDm,buy,out,0.01,1.18466,515305084,0,0,0,-1.27,6.95
2026.02.18 12:36:28,276770591,EURUSDm,buy,out,0.01,1.18463,515305123,0,0,0,-1.14,5.81
2026.02.18 13:54:25,276823679,EURUSDm,sell,in,0.01,1.18292,515362551,0,0,0,0,5.81
2026.02.18 18:42:02,276973501,EURUSDm,buy,out,0.01,1.17913,515520975,0,0,0,3.79,9.6
2026.02.19 07:30:57,277143745,EURUSDm,buy,in,0.01,1.17965,515697197,0,0,0,0,9.6
2026.02.19 09:43:07,277208441,EURUSDm,sell,out,0.01,1.17986,515760901,0,0,0,0.21,9.81
2026.02.19 13:33:06,277325427,XAUUSDm,buy,in,0.01,4984,515893311,0,0,0,0,9.81
2026.02.19 14:10:39,277355488,XAUUSDm,sell,out,0.01,4973.779,515927800,0,0,0,-10.22,-0.41
2026.02.19 14:10:40,277355795,undefined,balance,undefined,undefined,,,0,0,0,0.41,0
2026.02.20 07:15:55,277662809,undefined,balance,undefined,undefined,,,0,0,0,10.57,10.57
2026.02.20 07:16:36,277662992,GBPUSDm,sell,in,0.01,1.34591,516358845,0,0,0,0,10.57
2026.02.20 07:17:08,277663111,GBPUSDm,sell,in,0.01,1.34591,516359013,0,0,0,0,10.57
2026.02.20 08:10:44,277688517,GBPUSDm,buy,out,0.01,1.3438,516393592,0,0,0,2.11,12.68
2026.02.20 08:10:59,277688677,GBPUSDm,buy,out,0.01,1.34386,516393885,0,0,0,2.05,14.73
2026.02.20 08:30:15,277694508,GBPUSDm,sell,in,0.01,1.34502,516406546,0,0,0,0,14.73
2026.02.20 09:30:01,277721376,GBPUSDm,buy,out,0.01,1.34697,,0,0,0,-1.95,12.78
2026.02.20 13:02:39,277825151,XAUUSDm,buy,in,0.01,5026.157,516564448,0,0,0,0,12.78
2026.02.20 13:08:28,277827568,XAUUSDm,sell,out,0.01,5026.236,,0,0,0,0.08,12.86
2026.02.20 13:35:02,277839737,EURUSDm,sell,in,0.01,1.17607,516582794,0,0,0,0,12.86
2026.02.20 15:01:42,277896272,EURUSDm,buy,out,0.01,1.17877,,0,0,0,-2.7,10.16
2026.02.23 07:20:39,278343974,GBPUSDm,buy,in,0.01,1.35263,517337184,0,0,0,0,10.16
2026.02.23 07:21:02,278344122,EURUSDm,buy,in,0.01,1.18244,517337332,0,0,0,0,10.16
2026.02.23 07:26:46,278348086,GBPUSDm,buy,in,0.02,1.35272,517340918,0,0,0,0,10.16
2026.02.23 07:31:12,278350013,GBPUSDm,sell,out,0.02,1.35228,517342876,0,0,0,-0.88,9.28
2026.02.23 08:25:51,278375935,EURUSDm,sell,out,0.01,1.18141,,0,0,0,-1.03,8.25
2026.02.23 08:31:09,278379223,GBPUSDm,sell,out,0.01,1.35117,,0,0,0,-1.46,6.79
2026.02.23 13:45:20,278522152,GBPUSDm,sell,in,0.01,1.35041,517522093,0,0,0,0,6.79
2026.02.23 13:51:43,278525040,GBPUSDm,sell,in,0.01,1.34994,517524980,0,0,0,0,6.79
2026.02.23 14:16:11,278538331,GBPUSDm,buy,out,0.01,1.3511,,0,0,0,-1.16,5.63
2026.02.23 14:36:02,278553682,GBPUSDm,buy,out,0.01,1.35141,517554376,0,0,0,-1,4.63
2026.02.24 07:00:56,278865700,GBPUSDm,sell,in,0.02,1.34843,517878277,0,0,0,0,4.63
2026.02.24 09:11:42,278924207,GBPUSDm,buy,out,0.02,1.34933,,0,0,0,-1.8,2.83
2026.02.24 11:15:48,278965022,EURUSDm,buy,in,0.02,1.17848,517990135,0,0,0,0,2.83
2026.02.24 13:45:16,279033271,EURUSDm,sell,out,0.02,1.17709,,0,0,0,-2.78,0.05
2026.02.25 07:53:58,279395756,undefined,balance,undefined,undefined,,,0,0,0,13.21,13.26
2026.02.25 08:02:40,279401056,GBPUSDm,sell,in,0.04,1.3529,518536477,0,0,0,0,13.26
2026.02.25 08:15:16,279405980,GBPUSDm,buy,out,0.04,1.35188,518542931,0,0,0,4.08,17.34
2026.02.26 11:41:08,280013199,EURUSDm,buy,in,0.01,1.18033,519271736,0,0,0,0,17.34
2026.02.26 11:47:45,280015005,EURUSDm,buy,in,0.01,1.18029,519274055,0,0,0,0,17.34
2026.02.26 14:17:43,280092586,EURUSDm,buy,in,0.01,1.18058,519370053,0,0,0,0,17.34
2026.02.26 15:16:19,280145622,EURUSDm,sell,out,0.01,1.18016,,0,0,0,-0.42,16.92
2026.02.26 15:24:45,280155117,EURUSDm,sell,out,0.01,1.17928,,0,0,0,-1.01,15.91
2026.02.27 09:55:06,280453578,GBPUSDm,buy,in,0.01,1.34887,519777916,0,0,0,0,15.91
2026.02.27 11:13:13,280485698,GBPUSDm,buy,in,0.01,1.34774,519828512,0,0,0,0,15.91
2026.02.27 13:05:23,280526293,GBPUSDm,sell,out,0.01,1.34612,,0,0,0,-1.62,14.29
2026.02.27 13:28:54,280544221,GBPUSDm,sell,out,0.01,1.34607,519911943,0,0,0,-2.8,11.49
2026.02.27 13:33:44,280550419,GBPUSDm,buy,in,0.01,1.34564,519920513,0,0,0,0,11.49
2026.02.27 13:37:47,280555946,GBPUSDm,sell,out,0.01,1.34445,,0,0,0,-1.19,10.3
2026.02.27 14:03:19,280575630,GBPUSDm,buy,in,0.01,1.3446,519946578,0,0,0,0,10.3
2026.02.27 19:39:51,280717722,EURUSDm,sell,out,0.01,1.18208,520118538,0,0,0,1.75,12.05
2026.02.27 19:39:51,280717723,GBPUSDm,sell,out,0.01,1.34815,520118539,0,0,0,3.55,15.6
2026.03.01 23:12:55,281026021,US500m,buy,in,0.03,6830.17,520614282,0,0,0,0,15.6
2026.03.02 00:16:02,281071845,US500m,sell,out,0.03,6804.47,,0,0,0,-0.77,14.83
2026.03.02 09:01:11,281291066,GBPUSDm,sell,in,0.01,1.33516,520947180,0,0,0,0,14.83
2026.03.02 09:17:38,281303501,GBPUSDm,buy,out,0.01,1.3374,520960761,0,0,0,-2.24,12.59
2026.03.03 14:19:29,282274459,GBPUSDm,buy,in,0.01,1.33066,522097198,0,0,0,0,12.59
2026.03.03 14:27:01,282281666,GBPUSDm,buy,in,0.01,1.33001,522104653,0,0,0,0,12.59
2026.03.03 14:43:29,282302803,GBPUSDm,sell,out,0.01,1.32919,,0,0,0,-0.82,11.77
2026.03.03 14:52:06,282317778,GBPUSDm,buy,in,0.01,1.32918,522142083,0,0,0,0,11.77
2026.03.03 15:03:15,282331177,GBPUSDm,sell,out,0.01,1.32802,522156123,0,0,0,-1.16,10.61
2026.03.03 15:07:43,282336667,GBPUSDm,sell,out,0.01,1.32794,522161696,0,0,0,-2.72,7.89
2026.03.04 07:02:23,282661858,GBPUSDm,sell,in,0.02,1.33371,522634320,0,0,0,0,7.89
2026.03.04 07:16:37,282668323,GBPUSDm,buy,out,0.02,1.33434,,0,0,0,-1.26,6.63
2026.03.04 11:38:49,282812564,GBPUSDm,buy,in,0.01,1.33883,522866943,0,0,0,0,6.63
2026.03.04 12:04:06,282825978,GBPUSDm,buy,in,0.01,1.33853,522881999,0,0,0,0,6.63
2026.03.04 12:24:25,282839293,GBPUSDm,sell,out,0.01,1.33708,522896446,0,0,0,-1.45,5.18
2026.03.04 12:24:25,282839294,GBPUSDm,sell,out,0.01,1.33706,,0,0,0,-1.77,3.41
2026.03.05 07:59:52,283270179,GBPUSDm,sell,in,0.01,1.33409,523486559,0,0,0,0,3.41
2026.03.05 09:08:04,283317522,GBPUSDm,buy,out,0.01,1.337,,0,0,0,-2.91,0.5
2026.03.09 09:40:52,284792749,undefined,balance,undefined,undefined,,,0,0,0,100.32,100.82
2026.03.09 10:38:21,284823509,GBPUSDm,buy,in,0.02,1.33398,526591223,0,0,0,0,100.82
2026.03.09 10:50:25,284829256,GBPUSDm,sell,out,0.02,1.33257,526597354,0,0,0,-2.82,98
2026.03.09 14:25:15,284963960,GBPUSDm,buy,in,0.01,1.33616,526746033,0,0,0,0,98
2026.03.09 15:15:45,284999935,GBPUSDm,sell,out,0.01,1.33956,526784555,0,0,0,3.4,101.4
2026.03.10 12:18:55,285440412,GBPUSDm,buy,in,0.03,1.34391,527459119,0,0,0,0,101.4
2026.03.10 12:30:27,285446737,GBPUSDm,sell,out,0.03,1.34306,,0,0,0,-2.55,98.85
2026.03.10 13:40:17,285499465,GBPUSDm,sell,in,0.01,1.34612,527547088,0,0,0,0,98.85
2026.03.10 13:46:05,285504653,GBPUSDm,sell,in,0.01,1.34498,527553078,0,0,0,0,98.85
2026.03.10 14:58:58,285556929,GBPUSDm,buy,out,0.01,1.34688,,0,0,0,-1.9,96.95
2026.03.10 14:59:12,285557007,GBPUSDm,buy,out,0.01,1.34689,527619732,0,0,0,-0.77,96.18
2026.03.11 11:51:40,285941643,GBPUSDm,buy,in,0.01,1.34353,528303681,0,0,0,0,96.18
2026.03.11 12:23:37,285951966,GBPUSDm,buy,in,0.01,1.34264,528330528,0,0,0,0,96.18
2026.03.11 12:50:26,285980933,GBPUSDm,sell,out,0.01,1.34002,,0,0,0,-3.51,92.67
2026.03.11 12:50:26,285980935,GBPUSDm,sell,out,0.01,1.34002,528378748,0,0,0,-2.62,90.05
2026.03.11 13:53:03,286041023,GBPUSDm,sell,in,0.01,1.34107,528447701,0,0,0,0,90.05
2026.03.11 14:00:48,286050198,GBPUSDm,buy,out,0.01,1.34241,,0,0,0,-1.34,88.71
2026.03.12 08:50:37,286388673,GBPUSDm,buy,in,0.05,1.33848,529080583,0,0,0,0,88.71
2026.03.12 08:52:36,286389447,GBPUSDm,sell,out,0.05,1.3376,,0,0,0,-4.4,84.31
2026.03.12 09:08:36,286394610,GBPUSDm,buy,in,0.02,1.33794,529087784,0,0,0,0,84.31
2026.03.12 11:53:48,286461583,GBPUSDm,sell,out,0.02,1.33973,529181410,0,0,0,3.58,87.89
2026.03.12 13:16:10,286509235,GBPUSDm,sell,in,0.03,1.33785,529246943,0,0,0,0,87.89
2026.03.12 13:16:50,286510010,GBPUSDm,sell,in,0.01,1.33798,529247698,0,0,0,0,87.89
2026.03.12 14:35:13,286582768,GBPUSDm,buy,out,0.01,1.33594,529349042,0,0,0,2.04,89.93
2026.03.12 14:35:13,286582769,GBPUSDm,buy,out,0.03,1.33594,529349041,0,0,0,5.73,95.66
2026.03.13 10:33:37,286941742,GBPUSDm,buy,in,0.05,1.32587,529982486,0,0,0,0,95.66
2026.03.13 10:59:05,286952320,GBPUSDm,sell,out,0.05,1.32592,529996545,0,0,0,0.25,95.91
2026.03.13 11:00:27,286952770,GBPUSDm,buy,in,0.05,1.32601,529997132,0,0,0,0,95.91
2026.03.13 11:10:51,286957573,GBPUSDm,sell,out,0.05,1.32501,,0,0,0,-5,90.91
2026.03.13 14:46:32,287074172,GBPUSDm,sell,in,0.02,1.32642,530155576,0,0,0,0,90.91
2026.03.13 15:04:04,287095266,GBPUSDm,buy,out,0.02,1.3256,530180145,0,0,0,1.64,92.55
2026.03.16 08:36:26,287556130,GBPUSDm,sell,in,0.02,1.32465,531050297,0,0,0,0,92.55
2026.03.16 08:50:02,287563204,GBPUSDm,sell,in,0.02,1.32451,531058290,0,0,0,0,92.55
2026.03.16 09:48:49,287589316,GBPUSDm,buy,out,0.02,1.32565,,0,0,0,-2.28,90.27
2026.03.16 09:49:06,287589518,GBPUSDm,buy,out,0.02,1.3257,531089185,0,0,0,-2.1,88.17
2026.03.16 16:12:06,287831255,GBPUSDm,buy,in,0.01,1.33048,531385160,0,0,0,0,88.17
2026.03.16 16:22:31,287836630,GBPUSDm,sell,out,0.01,1.3294,,0,0,0,-1.08,87.09
2026.03.17 07:46:30,288082434,GBPUSDm,sell,in,0.05,1.33077,531708200,0,0,0,0,87.09
2026.03.17 07:47:27,288082673,GBPUSDm,buy,out,0.02,1.33091,531708488,0,0,0,-0.28,86.81
2026.03.17 08:39:46,288107625,GBPUSDm,buy,out,0.03,1.33177,,0,0,0,-3,83.81
2026.03.17 14:07:05,288276767,GBPUSDm,buy,in,0.02,1.33516,531916977,0,0,0,0,83.81
2026.03.17 14:25:22,288288159,GBPUSDm,sell,out,0.02,1.33394,,0,0,0,-2.44,81.37
2026.03.17 14:32:37,288293050,GBPUSDm,buy,in,0.02,1.33482,531933711,0,0,0,0,81.37
2026.03.17 15:34:54,288330173,GBPUSDm,sell,out,0.02,1.33382,531972718,0,0,0,-2,79.37
2026.03.18 08:22:10,288560723,GBPUSDm,sell,in,0.01,1.33474,532336626,0,0,0,0,79.37
2026.03.18 09:08:22,288581676,GBPUSDm,sell,in,0.02,1.33457,532363984,0,0,0,0,79.37
2026.03.18 09:42:44,288595623,GBPUSDm,buy,out,0.01,1.33572,532381591,0,0,0,-0.98,78.39
2026.03.18 09:43:06,288595717,GBPUSDm,buy,out,0.02,1.33578,532381733,0,0,0,-2.42,75.97
2026.03.18 10:16:32,288606381,GBPUSDm,sell,in,0.02,1.33586,532397623,0,0,0,0,75.97
2026.03.18 10:17:03,288606782,GBPUSDm,sell,in,0.02,1.33585,532398010,0,0,0,0,75.97
2026.03.18 12:28:38,288705121,GBPUSDm,buy,out,0.02,1.33359,532529669,0,0,0,4.54,80.51
2026.03.18 12:28:38,288705122,GBPUSDm,buy,out,0.02,1.33359,532529670,0,0,0,4.52,85.03
2026.03.18 16:07:48,288858679,GBPUSDm,buy,in,0.02,1.33239,532694662,0,0,0,0,85.03
2026.03.18 18:49:46,288921614,GBPUSDm,sell,out,0.02,1.3302,,0,0,0,-4.38,80.65
2026.03.19 09:38:02,289210006,GBPUSDm,sell,in,0.01,1.32672,533192028,0,0,0,0,80.65
2026.03.19 09:38:48,289210555,GBPUSDm,sell,in,0.01,1.32701,533192538,0,0,0,0,80.65
2026.03.19 10:13:32,289229396,GBPUSDm,sell,in,0.01,1.32827,533210654,0,0,0,0,80.65
2026.03.19 12:00:03,289285218,GBPUSDm,buy,out,0.01,1.32999,,0,0,0,-2.98,77.67
2026.03.19 12:00:03,289285224,GBPUSDm,buy,out,0.01,1.33047,,0,0,0,-3.75,73.92
2026.03.19 12:00:03,289285227,GBPUSDm,buy,out,0.01,1.33047,,0,0,0,-2.2,71.72
2026.03.19 12:16:08,289300929,GBPUSDm,sell,in,0.02,1.32968,533304263,0,0,0,0,71.72
2026.03.19 12:42:28,289317929,GBPUSDm,buy,out,0.02,1.32957,533333278,0,0,0,0.22,71.94
2026.03.20 09:28:47,289810218,GBPUSDm,buy,in,0.06,1.34041,533841180,0,0,0,0,71.94
2026.03.20 09:40:23,289816295,GBPUSDm,sell,out,0.06,1.33969,533847190,0,0,0,-4.32,67.62
2026.03.23 08:42:20,290596911,GBPUSDm,sell,in,0.02,1.33174,534967743,0,0,0,0,67.62
2026.03.23 09:20:59,290621321,GBPUSDm,buy,out,0.01,1.33015,534990967,0,0,0,1.59,69.21
2026.03.23 09:35:25,290631045,GBPUSDm,buy,out,0.01,1.32819,,0,0,0,3.55,72.76
2026.03.23 13:41:34,290821363,GBPUSDm,buy,in,0.01,1.34054,535193022,0,0,0,0,72.76
2026.03.23 14:18:20,290846020,GBPUSDm,sell,out,0.01,1.34345,535220539,0,0,0,2.91,75.67
2026.03.24 08:06:29,291216592,GBPUSDm,sell,in,0.01,1.34237,535600238,0,0,0,0,75.67
2026.03.24 08:06:54,291216886,GBPUSDm,buy,out,0.01,1.34253,535600701,0,0,0,-0.16,75.51
2026.03.24 08:06:58,291216905,GBPUSDm,buy,in,0.01,1.34253,535600735,0,0,0,0,75.51
2026.03.24 08:23:27,291224148,GBPUSDm,buy,in,0.01,1.34115,535610754,0,0,0,0,75.51
2026.03.24 08:50:47,291235984,GBPUSDm,sell,out,0.01,1.33957,,0,0,0,-2.96,72.55
2026.03.24 08:50:47,291235986,GBPUSDm,sell,out,0.01,1.33957,,0,0,0,-1.58,70.97
2026.03.24 09:10:03,291246037,GBPUSDm,buy,in,0.03,1.33939,535638030,0,0,0,0,70.97
2026.03.24 09:10:49,291246550,GBPUSDm,buy,in,0.03,1.33931,535638578,0,0,0,0,70.97
2026.03.24 09:30:02,291254065,GBPUSDm,sell,out,0.03,1.33833,535648244,0,0,0,-3.18,67.79
2026.03.24 12:07:17,291333922,GBPUSDm,sell,out,0.03,1.33931,535747906,0,0,0,0,67.79
2026.03.24 12:32:26,291344320,GBPUSDm,sell,in,0.02,1.33999,535761799,0,0,0,0,67.79
2026.03.24 14:19:06,291413983,GBPUSDm,buy,out,0.02,1.33995,535836477,0,0,0,0.08,67.87
2026.03.24 15:24:52,291455380,GBPUSDm,buy,in,0.01,1.34011,535879238,0,0,0,0,67.87
2026.03.24 17:05:12,291498338,GBPUSDm,sell,out,0.01,1.33641,,0,0,0,-3.7,64.17
2026.03.25 07:16:26,291713354,GBPUSDm,sell,in,0.03,1.33902,536181208,0,0,0,0,64.17
2026.03.25 08:06:54,291741493,GBPUSDm,buy,out,0.03,1.34015,,0,0,0,-3.39,60.78
2026.03.25 08:31:42,291756548,GBPUSDm,sell,in,0.03,1.34187,536234294,0,0,0,0,60.78
2026.03.25 13:45:02,291922271,XAUUSDm,sell,in,0.01,4561.377,536431795,0,0,0,0,60.78
2026.03.25 13:57:52,291934591,GBPUSDm,buy,out,0.03,1.3376,536443694,0,0,0,12.81,73.59
2026.03.25 14:11:53,291947228,XAUUSDm,buy,out,0.01,4554.283,,0,0,0,7.1,80.69
2026.03.25 14:19:09,291951269,XAUUSDm,sell,in,0.01,4559.515,536461013,0,0,0,0,80.69
2026.03.25 14:27:58,291955490,XAUUSDm,buy,out,0.01,4559.28,,0,0,0,0.24,80.93
2026.03.25 14:31:09,291956666,XAUUSDm,sell,in,0.01,4559.3,536469250,0,0,0,0,80.93
2026.03.25 14:50:56,291966058,XAUUSDm,buy,out,0.01,4577.277,,0,0,0,-17.98,62.95
2026.03.25 16:13:09,292015149,XAUUSDm,sell,in,0.01,4555.595,536527775,0,0,0,0,62.95
2026.03.25 16:21:58,292019736,XAUUSDm,buy,out,0.01,4546.644,536532261,0,0,0,8.96,71.91
2026.03.26 05:56:39,292226160,GBPUSDm,buy,in,0.03,1.33582,536764196,0,0,0,0,71.91
2026.03.26 06:01:50,292230626,GBPUSDm,buy,in,0.03,1.33562,536768249,0,0,0,0,71.91
2026.03.26 06:04:24,292232194,GBPUSDm,sell,out,0.03,1.3356,536769727,0,0,0,-0.06,71.85
2026.03.26 07:20:13,292269005,GBPUSDm,sell,out,0.03,1.33479,,0,0,0,-3.09,68.76
2026.03.26 09:39:13,292345033,XAUUSDm,sell,in,0.01,4424.525,536877666,0,0,0,0,68.76
2026.03.26 09:53:13,292350662,XAUUSDm,buy,out,0.01,4418.976,536884283,0,0,0,5.55,74.31
2026.03.26 12:10:41,292419425,XAUUSDm,sell,in,0.01,4445.168,536955784,0,0,0,0,74.31
2026.03.26 12:26:30,292425303,XAUUSDm,buy,out,0.01,4437.799,536965065,0,0,0,7.37,81.68
2026.03.26 15:48:17,292551412,XAUUSDm,buy,in,0.01,4444.186,537097595,0,0,0,0,81.68
2026.03.26 15:57:26,292554565,XAUUSDm,sell,out,0.01,4436.24,537100637,0,0,0,-7.95,73.73
2026.03.26 16:42:13,292583802,GBPUSDm,buy,in,0.03,1.33379,537128313,0,0,0,0,73.73
2026.03.26 17:55:35,292617295,GBPUSDm,sell,out,0.03,1.3321,537160273,0,0,0,-5.07,68.66
2026.03.31 06:07:14,294014268,GBPUSDm,buy,in,0.01,1.32004,538602131,0,0,0,0,68.66
2026.03.31 11:15:00,294146818,GBPUSDm,buy,in,0.01,1.31987,538738539,0,0,0,0,68.66
2026.03.31 11:44:44,294170112,GBPUSDm,sell,out,0.01,1.32283,538760832,0,0,0,2.96,71.62
2026.03.31 12:48:54,294206398,GBPUSDm,sell,out,0.01,1.32433,538800564,0,0,0,4.29,75.91
2026.03.31 15:54:25,294324427,XAUUSDm,buy,in,0.01,4619.48,538924451,0,0,0,0,75.91
2026.03.31 16:41:44,294349823,XAUUSDm,sell,out,0.01,4644.951,538948465,0,0,0,25.47,101.38
2026.03.31 17:37:49,294377217,GBPUSDm,sell,in,0.03,1.32342,538976082,0,0,0,0,101.38
2026.03.31 17:38:21,294377528,GBPUSDm,buy,out,0.02,1.32339,538976392,0,0,0,0.06,101.44
2026.04.01 05:02:58,294526044,GBPUSDm,sell,in,0.02,1.32436,539130432,0,0,0,0,101.44
2026.04.01 05:25:43,294531939,GBPUSDm,buy,out,0.02,1.32563,,0,0,0,-2.54,98.9
2026.04.01 05:37:40,294535896,GBPUSDm,buy,out,0.01,1.32582,539140644,0,0,0,-2.4,96.5
2026.04.06 14:07:34,296164886,XAUUSDm,buy,in,0.01,4669.489,540822975,0,0,0,0,96.5
2026.04.06 14:20:40,296173921,XAUUSDm,sell,out,0.01,4683.674,540831763,0,0,0,14.18,110.68
2026.04.07 10:35:41,296558396,GBPUSDm,buy,in,0.03,1.32525,541206132,0,0,0,0,110.68
2026.04.07 10:43:56,296563148,GBPUSDm,sell,out,0.03,1.32383,,0,0,0,-4.26,106.42
2026.04.07 11:26:43,296591943,GBPUSDm,buy,in,0.03,1.32459,541237874,0,0,0,0,106.42
2026.04.07 16:05:01,296762712,GBPUSDm,sell,out,0.03,1.32461,541411789,0,0,0,0.06,106.48
2026.04.08 08:53:43,297091495,GBPUSDm,buy,in,0.02,1.34257,541738935,0,0,0,0,106.48
2026.04.08 11:09:10,297152362,GBPUSDm,sell,out,0.02,1.34459,,0,0,0,4.04,110.52
2026.04.08 14:01:40,297259360,GBPUSDm,buy,in,0.03,1.34534,541903321,0,0,0,0,110.52
2026.04.08 14:46:38,297284371,GBPUSDm,sell,out,0.03,1.34397,,0,0,0,-4.11,106.41
2026.04.09 12:46:22,297698657,GBPUSDm,buy,in,0.05,1.34115,542347700,0,0,0,0,106.41
2026.04.09 12:46:48,297698791,GBPUSDm,sell,out,0.03,1.34097,542347844,0,0,0,-0.54,105.87
2026.04.09 12:51:20,297701639,GBPUSDm,buy,in,0.03,1.34154,542350636,0,0,0,0,105.87
2026.04.09 14:16:53,297763973,GBPUSDm,buy,in,0.03,1.34235,542411268,0,0,0,0,105.87
2026.04.09 14:52:13,297789604,GBPUSDm,sell,out,0.03,1.34061,542435903,0,0,0,-5.22,100.65
2026.04.09 14:52:13,297789605,GBPUSDm,sell,out,0.02,1.34061,,0,0,0,-1.08,99.57
2026.04.09 14:52:14,297789632,GBPUSDm,sell,out,0.03,1.3406,542435933,0,0,0,-2.82,96.75
2026.04.09 15:00:02,297794436,GBPUSDm,buy,in,0.03,1.34155,542440617,0,0,0,0,96.75
2026.04.09 15:12:07,297801538,GBPUSDm,sell,out,0.03,1.34035,542447678,0,0,0,-3.6,93.15
2026.04.10 07:21:50,298062307,GBPUSDm,sell,in,0.03,1.34207,542703739,0,0,0,0,93.15
2026.04.10 07:27:40,298064605,GBPUSDm,sell,in,0.03,1.34237,542706046,0,0,0,0,93.15
2026.04.10 09:19:15,298110329,GBPUSDm,buy,out,0.03,1.34333,542749978,0,0,0,-3.78,89.37
2026.04.10 09:19:15,298110339,GBPUSDm,buy,out,0.03,1.34336,542749981,0,0,0,-2.97,86.4
2026.04.10 10:22:07,298135245,GBPUSDm,buy,in,0.01,1.34409,542774226,0,0,0,0,86.4
2026.04.10 10:22:30,298135556,GBPUSDm,sell,out,0.01,1.34402,542774505,0,0,0,-0.07,86.33
2026.04.10 11:07:54,298150064,GBPUSDm,buy,in,0.01,1.34402,542788946,0,0,0,0,86.33
2026.04.10 14:23:30,298256076,GBPUSDm,sell,out,0.01,1.34767,,0,0,0,3.65,89.98
2026.04.10 19:23:29,298370193,XAUUSDm,buy,in,0.01,4768.281,543035161,0,0,0,0,89.98
2026.04.10 19:30:01,298371075,XAUUSDm,sell,out,0.01,4762.767,543036330,0,0,0,-5.51,84.47
2026.04.13 12:57:04,298848834,GBPUSDm,sell,in,0.03,1.34368,543514422,0,0,0,0,84.47
2026.04.13 13:31:17,298872514,GBPUSDm,buy,out,0.03,1.34473,,0,0,0,-3.15,81.32
2026.04.14 07:44:26,299216589,XAUUSDm,buy,in,0.01,4776.639,543878226,0,0,0,0,81.32
2026.04.14 08:15:31,299228017,XAUUSDm,sell,out,0.01,4779.697,543889695,0,0,0,3.06,84.38
2026.04.15 08:57:56,299714550,XAUUSDm,sell,in,0.01,4817.205,544330654,0,0,0,0,84.38
2026.04.15 09:08:17,299720465,XAUUSDm,buy,out,0.01,4810.615,544386235,0,0,0,6.59,90.97
2026.04.16 06:48:14,300134987,GBPUSDm,buy,in,0.03,1.35701,544815758,0,0,0,0,90.97
2026.04.16 07:13:01,300145722,XAUUSDm,sell,in,0.01,4826.473,544826417,0,0,0,0,90.97
2026.04.16 07:21:13,300149570,XAUUSDm,buy,out,0.01,4820.066,544830117,0,0,0,6.4,97.37
2026.04.16 07:50:44,300157038,GBPUSDm,sell,out,0.03,1.35604,,0,0,0,-2.91,94.46
2026.04.16 12:35:20,300267714,XAUUSDm,buy,in,0.01,4819.89,544955774,0,0,0,0,94.46
2026.04.16 12:38:18,300269169,XAUUSDm,buy,in,0.01,4815.291,544957234,0,0,0,0,94.46
2026.04.16 13:48:02,300302173,XAUUSDm,sell,out,0.01,4811.263,,0,0,0,-8.63,85.83
2026.04.16 13:48:02,300302174,XAUUSDm,sell,out,0.01,4811.291,,0,0,0,-4,81.83
2026.04.16 16:14:15,300403242,XAUUSDm,sell,in,0.01,4804.526,545089872,0,0,0,0,81.83
2026.04.16 16:26:53,300408347,XAUUSDm,buy,out,0.01,4799.376,545094880,0,0,0,5.15,86.98
2026.04.17 07:06:30,300585041,XAUUSDm,buy,in,0.01,4788.114,545270641,0,0,0,0,86.98
2026.04.17 07:50:19,300601590,XAUUSDm,sell,out,0.01,4779.042,,0,0,0,-9.07,77.91
2026.04.17 11:01:00,300680514,XAUUSDm,buy,in,0.01,4785.929,545363662,0,0,0,0,77.91
2026.04.17 11:13:01,300684590,XAUUSDm,sell,out,0.01,4785.998,545367758,0,0,0,0.07,77.98
2026.04.17 11:37:50,300694093,GBPUSDm,sell,in,0.03,1.35265,545377059,0,0,0,0,77.98
2026.04.17 12:20:50,300713647,GBPUSDm,buy,out,0.03,1.35377,545398269,0,0,0,-3.36,74.62
2026.04.17 12:24:25,300715411,GBPUSDm,sell,in,0.03,1.35322,545399975,0,0,0,0,74.62
2026.04.17 12:25:35,300718160,GBPUSDm,buy,out,0.03,1.35409,545402206,0,0,0,-2.61,72.01
2026.04.20 08:30:52,301289922,XAUUSDm,buy,in,0.01,4791.086,545992934,0,0,0,0,72.01
2026.04.20 08:52:54,301296023,XAUUSDm,sell,out,0.01,4793.892,546001144,0,0,0,2.8,74.81
2026.04.20 15:58:51,301505783,XAUUSDm,sell,in,0.01,4800.126,546228155,0,0,0,0,74.81
2026.04.20 15:59:22,301505874,XAUUSDm,buy,out,0.01,4799.979,546228310,0,0,0,0.15,74.96
2026.04.21 11:28:19,301776440,GBPUSDm,sell,in,0.01,1.35161,546503848,0,0,0,0,74.96
2026.04.21 11:28:35,301776500,GBPUSDm,sell,in,0.01,1.35158,546503909,0,0,0,0,74.96
2026.04.21 14:12:12,301877634,XAUUSDm,sell,in,0.01,4780.154,546613356,0,0,0,0,74.96
2026.04.21 14:13:26,301878296,XAUUSDm,buy,out,0.01,4779.367,546614021,0,0,0,0.78,75.74
2026.04.21 14:41:37,301898745,GBPUSDm,buy,out,0.01,1.3536,546633430,0,0,0,-2.02,73.72
2026.04.21 14:41:37,301898749,GBPUSDm,buy,out,0.01,1.35358,546633426,0,0,0,-1.97,71.75
2026.04.22 07:30:26,302181201,GBPUSDm,buy,in,0.03,1.35154,546912608,0,0,0,0,71.75
2026.04.22 09:01:45,302216285,GBPUSDm,sell,out,0.03,1.35307,546947395,0,0,0,4.59,76.34
2026.04.22 19:30:26,302478630,XAUUSDm,buy,in,0.01,4743.026,547233545,0,0,0,0,76.34
2026.04.22 20:10:27,302487269,XAUUSDm,sell,out,0.01,4736.704,,0,0,0,-6.33,70.01
2026.04.23 16:03:40,302864173,GBPUSDm,buy,in,0.03,1.34927,547635172,0,0,0,0,70.01
2026.04.23 17:05:32,302887110,GBPUSDm,sell,out,0.03,1.34778,,0,0,0,-4.47,65.54
2026.04.27 13:32:57,303840296,GBPUSDm,buy,in,0.01,1.35559,548622034,0,0,0,0,65.54
2026.04.27 17:16:54,303972496,GBPUSDm,sell,out,0.01,1.35335,548749125,0,0,0,-2.24,63.3
2026.04.28 15:01:06,304445508,GBPUSDm,sell,in,0.03,1.34993,549213282,0,0,0,0,63.3
2026.04.28 15:37:31,304463475,GBPUSDm,buy,out,0.03,1.35103,549230955,0,0,0,-3.3,60
2026.04.29 13:15:34,304870990,GBPUSDm,sell,in,0.03,1.35055,549641312,0,0,0,0,60
2026.04.29 13:20:25,304875413,GBPUSDm,buy,out,0.03,1.34953,,0,0,0,3.06,63.06
2026.05.01 08:20:06,305810509,GBPUSDm,buy,in,0.02,1.36052,550605633,0,0,0,0,63.06
2026.05.01 08:34:36,305819283,GBPUSDm,sell,out,0.02,1.36086,550614013,0,0,0,0.68,63.74
2026.05.01 10:15:49,305859652,GBPUSDm,sell,in,0.03,1.36052,550653566,0,0,0,0,63.74
2026.05.01 10:45:54,305873032,GBPUSDm,buy,out,0.03,1.36053,550666610,0,0,0,-0.03,63.71
2026.05.01 14:45:02,306029071,GBPUSDm,buy,in,0.03,1.36368,550828399,0,0,0,0,63.71
2026.05.01 15:50:37,306069618,GBPUSDm,sell,out,0.03,1.3616,,0,0,0,-6.24,57.47
2026.05.01 18:12:09,306113705,XAUUSDm,sell,in,0.01,4621.546,550918519,0,0,0,0,57.47
2026.05.01 18:38:17,306119403,XAUUSDm,buy,out,0.01,4616.934,550926772,0,0,0,4.62,62.09
2026.05.04 06:17:34,306430979,XAUUSDm,sell,in,0.01,4593.219,551246377,0,0,0,0,62.09
2026.05.04 06:33:33,306436636,XAUUSDm,buy,out,0.01,4588.827,,0,0,0,4.39,66.48
2026.05.04 13:04:39,306661790,XAUUSDm,sell,in,0.01,4568.487,551475545,0,0,0,0,66.48
2026.05.04 13:16:53,306670620,XAUUSDm,buy,out,0.01,4564.469,551486470,0,0,0,4.02,70.5
2026.05.06 14:25:18,307727537,XAUUSDm,sell,in,0.01,4711.994,552555354,0,0,0,0,70.5
2026.05.06 14:31:39,307730039,XAUUSDm,buy,out,0.01,4706.659,552559517,0,0,0,5.33,75.83
2026.05.08 15:08:58,308659832,XAUUSDm,buy,in,0.01,4720.396,553508083,0,0,0,0,75.83
2026.05.08 15:12:36,308661695,XAUUSDm,sell,out,0.01,4712.322,553509849,0,0,0,-8.08,67.75
2026.05.11 12:11:08,309129847,GBPUSDm,buy,in,0.05,1.36057,553997591,0,0,0,0,67.75
2026.05.11 12:16:53,309131778,GBPUSDm,sell,out,0.05,1.36002,,0,0,0,-2.75,65
2026.05.11 12:18:44,309132670,GBPUSDm,buy,in,0.01,1.36024,554000802,0,0,0,0,65
2026.05.11 12:20:30,309133873,GBPUSDm,buy,in,0.01,1.36035,554002072,0,0,0,0,65
2026.05.11 13:09:44,309173788,GBPUSDm,sell,out,0.01,1.36208,554041913,0,0,0,1.73,66.73
2026.05.11 13:09:44,309173789,GBPUSDm,sell,out,0.01,1.36208,554041912,0,0,0,1.84,68.57
2026.05.11 18:43:41,309338583,XAUUSDm,sell,in,0.01,4727.407,554211266,0,0,0,0,68.57
2026.05.11 18:54:16,309340489,XAUUSDm,buy,out,0.01,4726.238,554213361,0,0,0,1.17,69.74
2026.05.12 13:04:42,309658519,XAUUSDm,buy,in,0.01,4696.323,554535062,0,0,0,0,69.74
2026.05.12 13:14:00,309664863,XAUUSDm,sell,out,0.01,4688.728,554560160,0,0,0,-7.59,62.15
2026.05.12 16:26:11,309787268,GBPUSDm,buy,in,0.05,1.35245,554680778,0,0,0,0,62.15
2026.05.12 16:27:04,309787552,GBPUSDm,sell,out,0.05,1.35213,,0,0,0,-1.6,60.55
2026.05.12 16:45:44,309792409,GBPUSDm,buy,in,0.05,1.35208,554686228,0,0,0,0,60.55
2026.05.12 16:47:21,309793309,GBPUSDm,sell,out,0.05,1.35172,554687018,0,0,0,-1.8,58.75
2026.05.12 17:18:00,309802655,GBPUSDm,buy,in,0.05,1.35234,554696474,0,0,0,0,58.75
2026.05.12 18:35:51,309822552,GBPUSDm,sell,out,0.05,1.35305,554717600,0,0,0,3.55,62.3
2026.05.13 07:24:03,309972590,GBPUSDm,sell,in,0.05,1.35299,554874461,0,0,0,0,62.3
2026.05.13 07:28:36,309973812,GBPUSDm,buy,out,0.05,1.35325,554875706,0,0,0,-1.3,61
2026.05.13 07:46:23,309979044,GBPUSDm,sell,in,0.03,1.35277,554881031,0,0,0,0,61
2026.05.13 08:31:05,309993751,GBPUSDm,sell,in,0.03,1.35305,554895933,0,0,0,0,61
2026.05.13 09:21:47,310014908,GBPUSDm,buy,out,0.03,1.35134,554919614,0,0,0,4.29,65.29
2026.05.13 09:21:47,310014909,GBPUSDm,buy,out,0.03,1.35134,554919615,0,0,0,5.13,70.42
2026.05.13 14:33:17,310165340,GBPUSDm,buy,in,0.03,1.35179,555077991,0,0,0,0,70.42
2026.05.13 14:33:24,310165467,GBPUSDm,buy,in,0.02,1.35176,555078108,0,0,0,0,70.42
2026.05.13 14:42:16,310169340,GBPUSDm,sell,out,0.03,1.35072,,0,0,0,-3.21,67.21
2026.05.13 14:42:16,310169341,GBPUSDm,sell,out,0.02,1.35071,,0,0,0,-2.1,65.11
2026.05.13 15:31:08,310189106,GBPUSDm,buy,in,0.02,1.35198,555101854,0,0,0,0,65.11
2026.05.13 15:31:25,310189225,GBPUSDm,buy,in,0.02,1.35198,555101975,0,0,0,0,65.11
2026.05.13 16:52:04,310220321,GBPUSDm,sell,out,0.02,1.35141,,0,0,0,-1.14,63.97
2026.05.14 07:40:26,310374925,GBPUSDm,sell,out,0.02,1.35175,555289481,0,0,0,-0.46,63.51
2026.05.14 08:31:33,310396791,GBPUSDm,sell,in,0.1,1.35183,555310894,0,0,0,0,63.51
2026.05.14 09:01:02,310405572,GBPUSDm,buy,out,0.1,1.35213,,0,0,0,-3,60.51
2026.05.14 09:05:36,310407004,GBPUSDm,sell,in,0.06,1.35173,555321412,0,0,0,0,60.51
2026.05.14 12:21:26,310462974,GBPUSDm,sell,in,0.06,1.35145,555379789,0,0,0,0,60.51
2026.05.14 13:14:37,310486510,GBPUSDm,buy,out,0.06,1.35069,555404750,0,0,0,6.24,66.75
2026.05.14 13:21:44,310491322,GBPUSDm,buy,out,0.06,1.35011,555409283,0,0,0,8.04,74.79
2026.05.14 14:39:31,310548800,GBPUSDm,sell,in,0.02,1.35056,555464573,0,0,0,0,74.79
2026.05.14 14:45:04,310551176,XAUUSDm,sell,in,0.01,4688.316,555466875,0,0,0,0,74.79
2026.05.14 14:55:47,310557524,XAUUSDm,buy,out,0.01,4687.939,555472947,0,0,0,0.38,75.17
2026.05.14 14:56:23,310557819,GBPUSDm,buy,out,0.02,1.34944,555473248,0,0,0,2.24,77.41
2026.05.14 15:53:05,310581568,GBPUSDm,sell,in,0.06,1.34777,555496502,0,0,0,0,77.41
2026.05.14 16:08:14,310588026,GBPUSDm,buy,out,0.06,1.34703,555502577,0,0,0,4.44,81.85
2026.05.15 13:29:18,310969741,GBPUSDm,buy,in,0.01,1.33569,555891018,0,0,0,0,81.85
2026.05.15 13:39:02,310979036,GBPUSDm,buy,in,0.06,1.335,555899701,0,0,0,0,81.85
2026.05.15 13:43:21,310982720,GBPUSDm,sell,out,0.06,1.33453,,0,0,0,-2.82,79.03
2026.05.15 13:44:51,310984090,GBPUSDm,sell,out,0.01,1.33399,555904475,0,0,0,-1.7,77.33
2026.05.18 07:48:00,311367978,GBPUSDm,buy,in,0.08,1.33537,556296621,0,0,0,0,77.33
2026.05.18 07:49:24,311368556,GBPUSDm,sell,out,0.08,1.33509,556297174,0,0,0,-2.24,75.09
2026.05.19 08:19:05,311808533,GBPUSDm,sell,in,0.05,1.33971,556727206,0,0,0,0,75.09
2026.05.19 09:08:34,311826716,GBPUSDm,sell,in,0.05,1.33931,556745128,0,0,0,0,75.09
2026.05.19 09:08:45,311826778,GBPUSDm,buy,out,0.05,1.33939,556745183,0,0,0,-0.4,74.69
2026.05.19 09:08:52,311826804,GBPUSDm,sell,in,0.05,1.33933,556745209,0,0,0,0,74.69
2026.05.19 09:09:55,311827165,GBPUSDm,buy,out,0.05,1.33973,556745580,0,0,0,-2,72.69
2026.05.19 09:11:16,311827493,GBPUSDm,sell,in,0.03,1.33932,556745915,0,0,0,0,72.69
2026.05.19 09:37:49,311838158,GBPUSDm,buy,out,0.03,1.34025,,0,0,0,-2.79,69.9
2026.05.19 09:40:50,311839140,GBPUSDm,buy,out,0.05,1.34038,,0,0,0,-3.35,66.55
2026.05.19 10:33:26,311851771,GBPUSDm,buy,in,0.1,1.3412,556769597,0,0,0,0,66.55
2026.05.19 10:35:11,311852331,GBPUSDm,sell,out,0.1,1.34089,556770123,0,0,0,-3.1,63.45
2026.05.19 11:11:15,311872147,GBPUSDm,buy,in,0.1,1.34057,556788879,0,0,0,0,63.45
2026.05.19 11:16:15,311874100,GBPUSDm,sell,out,0.1,1.34024,556790824,0,0,0,-3.3,60.15
2026.05.19 11:18:19,311874783,GBPUSDm,buy,in,0.07,1.34061,556791523,0,0,0,0,60.15
2026.05.19 12:02:03,311889757,GBPUSDm,buy,in,0.05,1.34054,556806652,0,0,0,0,60.15
2026.05.19 13:03:59,311915514,GBPUSDm,sell,out,0.07,1.34015,556833813,0,0,0,-3.22,56.93
2026.05.19 13:04:00,311915565,GBPUSDm,sell,out,0.05,1.34013,,0,0,0,-2.05,54.88
2026.05.19 13:35:36,311950562,GBPUSDm,sell,in,0.05,1.33882,556866460,0,0,0,0,54.88
2026.05.19 13:37:00,311952159,GBPUSDm,buy,out,0.05,1.33937,,0,0,0,-2.75,52.13
2026.05.19 14:30:09,311988467,GBPUSDm,sell,in,0.07,1.33863,556907194,0,0,0,0,52.13
2026.05.19 14:35:40,311992017,GBPUSDm,sell,in,0.03,1.33833,556910855,0,0,0,0,52.13
2026.05.19 14:55:43,312000954,GBPUSDm,buy,out,0.03,1.33912,556919883,0,0,0,-2.37,49.76
2026.05.19 15:06:43,312005299,GBPUSDm,buy,out,0.07,1.33965,556924200,0,0,0,-7.14,42.62
2026.05.20 11:11:46,312260328,GBPUSDm,buy,in,0.05,1.33988,557179590,0,0,0,0,42.62
2026.05.20 11:17:10,312261437,GBPUSDm,sell,out,0.05,1.33981,557180826,0,0,0,-0.35,42.27
2026.05.20 11:57:23,312277703,GBPUSDm,buy,in,0.05,1.33974,557196684,0,0,0,0,42.27
2026.05.20 13:01:31,312301400,GBPUSDm,sell,out,0.05,1.33938,,0,0,0,-1.8,40.47
2026.05.20 13:02:31,312302042,GBPUSDm,buy,in,0.07,1.33969,557220545,0,0,0,0,40.47
2026.05.20 13:16:47,312308637,GBPUSDm,sell,out,0.07,1.33936,557227095,0,0,0,-2.31,38.16
2026.05.21 08:08:35,312600361,GBPUSDm,sell,in,0.03,1.34356,557527215,0,0,0,0,38.16
2026.05.21 08:11:07,312602265,GBPUSDm,buy,out,0.03,1.34409,557529151,0,0,0,-1.59,36.57
2026.05.21 09:40:55,312640611,GBPUSDm,buy,in,0.06,1.3443,557569752,0,0,0,0,36.57
2026.05.21 09:41:31,312640868,GBPUSDm,buy,in,0.02,1.34443,557570010,0,0,0,0,36.57
2026.05.21 09:44:25,312641967,GBPUSDm,sell,out,0.06,1.34394,,0,0,0,-2.16,34.41
2026.05.21 10:26:01,312655362,GBPUSDm,sell,out,0.02,1.34289,,0,0,0,-3.08,31.33
2026.05.21 11:12:17,312682419,GBPUSDm,sell,in,0.06,1.343,557611871,0,0,0,0,31.33
2026.05.21 11:18:35,312683856,GBPUSDm,sell,in,0.06,1.34318,557613519,0,0,0,0,31.33
2026.05.21 11:20:23,312684681,GBPUSDm,buy,out,0.06,1.34352,557614388,0,0,0,-2.04,29.29
2026.05.21 11:20:24,312684691,GBPUSDm,buy,out,0.06,1.34354,557614391,0,0,0,-3.24,26.05
2026.05.21 12:35:10,312711635,GBPUSDm,sell,in,0.1,1.34219,557647234,0,0,0,0,26.05
2026.05.21 12:44:48,312715654,GBPUSDm,buy,out,0.1,1.34257,557651642,0,0,0,-3.8,22.25
2026.05.21 12:50:20,312718081,GBPUSDm,sell,in,0.03,1.34231,557654209,0,0,0,0,22.25
2026.05.21 13:19:42,312735504,GBPUSDm,buy,out,0.03,1.34019,,0,0,0,6.36,28.61
2026.05.21 13:55:45,312758305,GBPUSDm,sell,in,0.04,1.34101,557700638,0,0,0,0,28.61
2026.05.21 17:15:19,312827510,GBPUSDm,buy,out,0.04,1.34224,557772434,0,0,0,-4.92,23.69
2026.05.22 09:03:13,313009156,GBPUSDm,buy,in,0.08,1.34272,557970267,0,0,0,0,23.69
2026.05.22 09:07:38,313010531,GBPUSDm,buy,in,0.08,1.34253,557971741,0,0,0,0,23.69
2026.05.22 09:07:48,313010625,GBPUSDm,sell,out,0.08,1.34234,,0,0,0,-1.52,22.17
2026.05.22 09:08:17,313010840,GBPUSDm,buy,in,0.08,1.34247,557972078,0,0,0,0,22.17
2026.05.22 09:09:01,313011007,GBPUSDm,sell,out,0.08,1.34227,557972260,0,0,0,-3.6,18.57
2026.05.22 09:09:01,313011010,GBPUSDm,sell,out,0.08,1.34227,557972261,0,0,0,-1.6,16.97
2026.05.25 06:41:19,313483734,GBPUSDm,buy,in,0.05,1.3484,558498713,0,0,0,0,16.97
2026.05.25 06:43:20,313484049,EURUSDm,buy,in,0.1,1.16414,558499120,0,0,0,0,16.97
2026.05.25 06:43:47,313484111,EURUSDm,buy,in,0.05,1.16413,558499208,0,0,0,0,16.97
2026.05.25 06:57:32,313487771,EURUSDm,sell,out,0.1,1.16399,,0,0,0,-1.5,15.47
2026.05.25 07:04:19,313490649,EURUSDm,buy,in,0.1,1.16423,558506106,0,0,0,0,15.47
2026.05.25 07:08:07,313491741,EURUSDm,sell,out,0.05,1.16369,,0,0,0,-2.2,13.27
2026.05.25 07:08:07,313491744,EURUSDm,sell,out,0.1,1.16369,,0,0,0,-5.4,7.87
2026.05.25 07:08:34,313491847,GBPUSDm,sell,out,0.05,1.34801,558507465,0,0,0,-1.95,5.92
2026.05.25 08:04:00,313512353,EURUSDm,sell,in,0.06,1.16345,558528457,0,0,0,0,5.92
2026.05.25 08:07:07,313513693,EURUSDm,buy,out,0.06,1.16376,,0,0,0,-1.86,4.06
2026.05.25 08:21:15,313517591,GBPUSDm,sell,in,0.05,1.34875,558534613,0,0,0,0,4.06
2026.05.25 08:36:03,313524361,GBPUSDm,buy,out,0.05,1.34903,558541345,0,0,0,-1.4,2.66
2026.05.25 09:45:41,313546259,EURUSDm,buy,in,0.03,1.16441,558563793,0,0,0,0,2.66
2026.05.25 11:06:40,313572758,EURUSDm,sell,out,0.03,1.16398,,0,0,0,-1.29,1.37
2026.05.27 11:39:06,314462623,GBPUSDm,sell,in,0.02,1.34362,559515692,0,0,0,0,1.37
2026.05.27 12:18:34,314484929,GBPUSDm,buy,out,0.02,1.34429,,0,0,0,-1.34,0.03
2026.06.02 10:22:38,316515555,undefined,balance,undefined,undefined,,,0,0,0,53,53.03
2026.06.02 10:26:27,316517008,EURUSDm,sell,in,0.05,1.16411,561656492,0,0,0,0,53.03
2026.06.02 10:53:45,316524959,EURUSDm,buy,out,0.05,1.16464,,0,0,0,-2.65,50.38
2026.06.02 13:43:38,316617027,GBPUSDm,buy,in,0.05,1.34755,561758274,0,0,0,0,50.38
2026.06.02 13:48:49,316619695,GBPUSDm,sell,out,0.05,1.34701,,0,0,0,-2.7,47.68
2026.06.02 13:49:29,316620025,GBPUSDm,buy,in,0.03,1.34734,561762470,0,0,0,0,47.68
2026.06.02 14:00:02,316627047,GBPUSDm,sell,out,0.03,1.34639,,0,0,0,-2.85,44.83
2026.06.02 14:30:04,316654305,GBPUSDm,sell,in,0.04,1.34682,561800310,0,0,0,0,44.83
2026.06.02 14:42:49,316663282,EURUSDm,sell,in,0.05,1.16486,561809256,0,0,0,0,44.83
2026.06.02 17:17:19,316740695,EURUSDm,buy,out,0.05,1.16269,561887410,0,0,0,10.85,55.68
2026.06.02 18:48:18,316773838,GBPUSDm,buy,out,0.04,1.34681,,0,0,0,0.04,55.72
2026.06.03 08:00:21,316971035,EURUSDm,sell,in,0.03,1.16153,562118725,0,0,0,0,55.72
2026.06.03 08:15:20,316977767,GBPUSDm,sell,in,0.02,1.34477,562125440,0,0,0,0,55.72
2026.06.03 12:38:22,317100255,GBPUSDm,buy,out,0.02,1.34324,,0,0,0,3.06,58.78
2026.06.03 12:41:26,317103145,EURUSDm,buy,out,0.03,1.16006,562254203,0,0,0,4.41,63.19
2026.06.03 15:13:07,317208810,XAUUSDm,sell,in,0.01,4446.875,562374898,0,0,0,0,63.19
2026.06.03 16:05:07,317235801,XAUUSDm,buy,out,0.01,4443.603,,0,0,0,3.28,66.47
2026.06.04 08:30:18,317511841,GBPUSDm,sell,in,0.04,1.34305,562680379,0,0,0,0,66.47
2026.06.04 08:31:00,317513000,GBPUSDm,buy,out,0.04,1.34354,562681562,0,0,0,-1.96,64.51
2026.06.04 08:34:23,317514764,EURUSDm,sell,in,0.04,1.16096,562683464,0,0,0,0,64.51
2026.06.04 09:01:58,317523403,EURUSDm,buy,out,0.04,1.16165,,0,0,0,-2.76,61.75
2026.06.04 12:22:16,317643612,EURUSDm,sell,in,0.02,1.16368,562814461,0,0,0,0,61.75
2026.06.04 12:22:39,317643807,GBPUSDm,sell,in,0.03,1.34552,562814740,0,0,0,0,61.75
2026.06.04 15:33:33,317768090,GBPUSDm,buy,out,0.03,1.34343,562937894,0,0,0,6.27,68.02
2026.06.04 15:33:33,317768091,EURUSDm,buy,out,0.02,1.16249,562937893,0,0,0,2.38,70.4
2026.06.05 08:59:50,318066639,EURUSDm,sell,in,0.03,1.16363,563237554,0,0,0,0,70.4
2026.06.05 09:00:30,318066944,GBPUSDm,sell,in,0.04,1.34532,563238002,0,0,0,0,70.4
2026.06.05 09:09:15,318069820,GBPUSDm,buy,out,0.04,1.34596,563241518,0,0,0,-2.56,67.84
2026.06.05 09:09:45,318070036,EURUSDm,buy,out,0.03,1.16402,563241753,0,0,0,-1.17,66.67
2026.06.05 10:02:27,318093122,EURUSDm,buy,in,0.05,1.16392,563264463,0,0,0,0,66.67
2026.06.05 10:03:14,318093315,GBPUSDm,buy,in,0.02,1.34655,563264651,0,0,0,0,66.67
2026.06.05 10:31:56,318100906,GBPUSDm,sell,out,0.02,1.34816,563272002,0,0,0,3.22,69.89
2026.06.05 10:34:40,318102110,EURUSDm,sell,out,0.05,1.16426,563273191,0,0,0,1.7,71.59
2026.06.05 11:45:15,318124265,EURUSDm,buy,in,0.05,1.16363,563297284,0,0,0,0,71.59
2026.06.05 11:45:25,318124290,EURUSDm,buy,in,0.05,1.16366,563297326,0,0,0,0,71.59
2026.06.05 12:18:25,318138546,EURUSDm,sell,out,0.05,1.16365,563318791,0,0,0,0.1,71.69
2026.06.05 12:18:25,318138547,EURUSDm,sell,out,0.05,1.16366,563318792,0,0,0,0,71.69
2026.06.05 13:34:58,318238853,GBPUSDm,sell,in,0.01,1.34046,563428060,0,0,0,0,71.69
2026.06.05 14:23:03,318291775,GBPUSDm,buy,out,0.01,1.33865,563482541,0,0,0,1.81,73.5
2026.06.08 07:42:18,318917983,GBPUSDm,sell,in,0.03,1.33371,564115800,0,0,0,0,73.5
2026.06.08 08:29:46,318940971,GBPUSDm,buy,out,0.03,1.33357,564139543,0,0,0,0.42,73.92
2026.06.08 08:45:44,318947605,EURUSDm,buy,in,0.06,1.15167,564146158,0,0,0,0,73.92
2026.06.08 08:47:24,318948638,EURUSDm,buy,in,0.04,1.15146,564147150,0,0,0,0,73.92
2026.06.08 08:52:56,318950549,EURUSDm,sell,out,0.06,1.15107,,0,0,0,-3.6,70.32
2026.06.08 08:52:56,318950555,EURUSDm,sell,out,0.04,1.15106,,0,0,0,-1.6,68.72
2026.06.08 14:45:21,319157846,EURUSDm,sell,in,0.04,1.15362,564350530,0,0,0,0,68.72
2026.06.08 14:47:34,319159456,EURUSDm,sell,in,0.04,1.15362,564352067,0,0,0,0,68.72
2026.06.08 14:53:33,319163612,EURUSDm,buy,out,0.04,1.15413,,0,0,0,-2.04,66.68
2026.06.09 09:07:39,319440248,EURUSDm,buy,out,0.04,1.15555,,0,0,0,-7.72,58.96
2026.06.09 12:20:39,319510423,EURUSDm,sell,in,0.03,1.15704,564710808,0,0,0,0,58.96
2026.06.10 07:30:13,319983869,EURUSDm,sell,in,0.04,1.15536,565222095,0,0,0,0,58.96
2026.06.10 07:30:40,319984072,GBPUSDm,sell,in,0.03,1.33871,565222402,0,0,0,0,58.96
2026.06.10 09:00:19,320027124,GBPUSDm,sell,in,0.03,1.33852,565269674,0,0,0,0,58.96
2026.06.10 09:30:57,320041343,EURUSDm,sell,in,0.04,1.15543,565284138,0,0,0,0,58.96
2026.06.10 09:45:47,320049143,GBPUSDm,buy,out,0.03,1.33983,,0,0,0,-3.36,55.6
2026.06.10 09:45:48,320049147,GBPUSDm,buy,out,0.03,1.33984,,0,0,0,-3.96,51.64
2026.06.10 09:45:49,320049161,EURUSDm,buy,out,0.04,1.15593,,0,0,0,-2,49.64
2026.06.11 00:25:47,320435076,EURUSDm,sell,in,0.03,1.15407,565701131,0,0,0,0,49.64
2026.06.11 01:53:19,320456463,EURUSDm,sell,in,0.03,1.15535,565721275,0,0,0,0,49.64
2026.06.11 01:57:29,320457354,EURUSDm,buy,out,0.03,1.1555,565722126,0,0,0,-0.45,49.19
2026.06.11 06:45:08,320519882,EURUSDm,sell,in,0.03,1.15441,565783537,0,0,0,0,49.19
2026.06.11 06:45:08,320519884,EURUSDm,sell,in,0.03,1.15441,565783539,0,0,0,0,49.19
2026.06.11 07:27:02,320535045,EURUSDm,buy,out,0.03,1.15559,,0,0,0,-3.54,45.65
2026.06.11 07:27:02,320535049,EURUSDm,buy,out,0.03,1.15557,,0,0,0,-3.48,42.17
2026.06.11 11:20:47,320622753,EURUSDm,sell,in,0.03,1.15365,565892292,0,0,0,0,42.17
2026.06.11 13:02:29,320680160,EURUSDm,sell,in,0.04,1.15378,565957274,0,0,0,0,42.17
2026.06.11 17:32:51,320829017,EURUSDm,buy,out,0.04,1.15447,,0,0,0,-2.76,39.41
2026.06.11 17:33:26,320830095,EURUSDm,buy,out,0.03,1.15477,566104343,0,0,0,6.81,46.22
2026.06.11 17:33:26,320830098,EURUSDm,buy,out,0.03,1.15477,566104347,0,0,0,-2.1,44.12
2026.06.11 17:33:26,320830099,EURUSDm,buy,out,0.04,1.15477,566104346,0,0,0,2.36,46.48
2026.06.11 17:33:26,320830101,EURUSDm,buy,out,0.03,1.15478,566104348,0,0,0,-3.39,43.09
2026.06.11 17:35:21,320833053,EURUSDm,sell,in,0.1,1.15568,566106937,0,0,0,0,43.09
2026.06.11 19:26:34,320888735,EURUSDm,buy,out,0.1,1.15802,,0,0,0,-23.4,19.69
2026.06.12 13:02:53,321153767,EURUSDm,buy,in,0.03,1.15644,566432265,0,0,0,0,19.69
2026.06.12 13:39:37,321172197,USTECm,buy,in,0.01,29461.1,566451649,0,0,0,0,19.69
2026.06.12 13:40:20,321172684,USTECm,sell,out,0.01,29469.33,566452143,0,0,0,0.08,19.77
2026.06.12 15:39:18,321242717,EURUSDm,sell,out,0.03,1.15783,566522993,0,0,0,4.17,23.94
2026.06.15 08:02:26,321609048,GBPUSDm,buy,in,0.05,1.34331,566931856,0,0,0,0,23.94
2026.06.15 08:10:30,321612901,GBPUSDm,sell,out,0.02,1.34289,566936014,0,0,0,-0.84,23.1
2026.06.15 08:23:03,321617779,EURUSDm,buy,in,0.03,1.16084,566941935,0,0,0,0,23.1
2026.06.15 08:39:41,321628167,GBPUSDm,sell,out,0.03,1.34275,566952828,0,0,0,-1.68,21.42
2026.06.15 08:42:02,321629036,EURUSDm,sell,out,0.03,1.16,,0,0,0,-2.52,18.9
2026.06.15 16:51:38,321841265,SPCXm,buy,in,0.01,178.82,567188368,0,0,0,0,18.9
2026.06.16 12:15:40,322133002,EURUSDm,sell,in,0.01,1.15971,567487706,0,0,0,0,18.9
2026.06.16 14:01:28,322194111,EURUSDm,buy,out,0.01,1.15967,567550961,0,0,0,0.04,18.94
2026.06.16 14:45:25,322224378,EURUSDm,sell,in,0.03,1.15959,567580057,0,0,0,0,18.94
2026.06.16 14:46:01,322224685,EURUSDm,sell,in,0.06,1.15959,567580363,0,0,0,0,18.94
2026.06.16 14:46:24,322224884,EURUSDm,buy,out,0.06,1.1598,567580565,0,0,0,-1.26,17.68
2026.06.16 14:55:24,322228626,EURUSDm,buy,out,0.03,1.16045,,0,0,0,-2.58,15.1
2026.06.18 07:52:14,322870739,EURUSDm,sell,in,0.02,1.15179,568270299,0,0,0,0,15.1
2026.06.18 09:10:53,322903889,EURUSDm,buy,out,0.02,1.14774,,0,0,0,8.1,23.2
2026.06.18 13:13:29,322995420,EURUSDm,buy,in,0.02,1.14699,568401369,0,0,0,0,23.2
2026.06.18 13:39:56,323013477,EURUSDm,sell,out,0.02,1.14825,568418664,0,0,0,2.52,25.72
2026.06.18 13:45:20,323017270,EURUSDm,buy,in,0.01,1.1476,568422424,0,0,0,0,25.72
2026.06.18 13:45:39,323017462,EURUSDm,buy,in,0.01,1.14755,568422619,0,0,0,0,25.72
2026.06.18 15:08:07,323067011,EURUSDm,sell,out,0.01,1.14793,568471239,0,0,0,0.38,26.1
2026.06.18 15:08:07,323067012,EURUSDm,sell,out,0.01,1.14793,568471238,0,0,0,0.33,26.43
2026.06.18 16:07:51,323098891,SPCXm,sell,out,0.01,173.62,,0,0,-0.09,-5.2,21.14
2026.06.18 16:51:13,323115697,SPCXm,buy,in,0.01,174.84,568518927,0,0,0,0,21.14
2026.06.19 07:51:50,323334902,EURUSDm,sell,in,0.04,1.1448,568740286,0,0,0,0,21.14
2026.06.19 08:29:24,323348260,EURUSDm,sell,in,0.04,1.14573,568753144,0,0,0,0,21.14
2026.06.19 12:50:29,323432366,EURUSDm,buy,out,0.04,1.14695,,0,0,0,-4.88,16.26
2026.06.19 12:50:30,323432438,EURUSDm,buy,out,0.04,1.14696,,0,0,0,-8.64,7.62
2026.06.22 06:31:01,323830944,EURUSDm,sell,in,0.02,1.14565,569287087,0,0,0,0,7.62
2026.06.22 09:30:41,323891730,EURUSDm,sell,in,0.03,1.14566,569353507,0,0,0,0,7.62
2026.06.22 10:22:42,323907663,EURUSDm,buy,out,0.01,1.14586,569369446,0,0,0,-0.2,7.42
2026.06.22 10:22:58,323907725,EURUSDm,buy,out,0.02,1.14588,569369502,0,0,0,-0.46,6.96
2026.06.22 11:17:05,323927326,EURUSDm,buy,out,0.02,1.14524,569388798,0,0,0,0.84,7.8
2026.06.22 11:32:49,323932506,SPCXm,sell,out,0.01,175.49,569393929,0,0,-0.12,0.65,8.33
2026.06.22 11:33:00,323932636,EURUSDm,buy,in,0.03,1.14545,569394022,0,0,0,0,8.33
2026.06.22 11:57:59,323942029,EURUSDm,sell,out,0.03,1.14478,569403053,0,0,0,-2.01,6.32
2026.06.22 11:58:16,323942117,EURUSDm,sell,in,0.03,1.14477,569403140,0,0,0,0,6.32
2026.06.22 11:58:35,323942186,EURUSDm,buy,out,0.01,1.14487,569403211,0,0,0,-0.1,6.22
2026.06.22 12:07:23,323946525,EURUSDm,buy,out,0.02,1.14564,569407426,0,0,0,-1.74,4.48
2026.06.22 12:07:34,323946604,EURUSDm,buy,in,0.02,1.14557,569407501,0,0,0,0,4.48
2026.06.22 12:15:41,323950363,EURUSDm,buy,in,0.01,1.14584,569411370,0,0,0,0,4.48
2026.06.22 13:00:23,323970779,EURUSDm,sell,out,0.01,1.1447,,0,0,0,-1.14,3.34
2026.06.22 13:01:12,323971824,EURUSDm,sell,out,0.02,1.14409,,0,0,0,-2.96,0.38
2026.07.10 11:05:54,331582681,undefined,balance,undefined,undefined,,,0,0,0,53,53.38
2026.07.10 11:06:27,331582847,EURUSDm,buy,in,0.04,1.1434,577898187,0,0,0,0,53.38
2026.07.10 13:08:20,331640573,EURUSDm,sell,out,0.04,1.14204,,0,0,0,-5.44,47.94
2026.07.13 11:27:29,332221005,EURUSDm,sell,in,0.03,1.14289,578575543,0,0,0,0,47.94
2026.07.13 14:20:17,332328086,EURUSDm,buy,out,0.03,1.14061,578677256,0,0,0,6.84,54.78
2026.07.14 06:59:15,332587491,EURUSDm,sell,in,0.03,1.13863,578933767,0,0,0,0,54.78
2026.07.14 07:47:42,332604570,EURUSDm,buy,out,0.03,1.13963,,0,0,0,-3,51.78
2026.07.15 15:43:22,333333170,EURUSDm,buy,in,0.04,1.14354,579727955,0,0,0,0,51.78
2026.07.15 17:15:05,333378592,EURUSDm,sell,out,0.04,1.14488,579771635,0,0,0,5.36,57.14
2026.07.16 08:48:12,333601638,EURUSDm,sell,in,0.03,1.14653,579999529,0,0,0,0,57.14
2026.07.16 08:49:00,333601904,EURUSDm,sell,in,0.03,1.14658,579999793,0,0,0,0,57.14
2026.07.16 11:59:53,333679203,EURUSDm,buy,out,0.03,1.14693,,0,0,0,-1.2,55.94
2026.07.16 11:59:57,333679238,EURUSDm,buy,out,0.03,1.14694,580077444,0,0,0,-1.08,54.86
2026.07.16 12:13:25,333687084,EURUSDm,sell,in,0.03,1.14637,580089302,0,0,0,0,54.86
2026.07.16 13:04:45,333737493,EURUSDm,buy,out,0.03,1.14459,580145319,0,0,0,5.34,60.2
2026.07.16 15:53:22,333840156,EURUSDm,buy,in,0.03,1.14498,580249907,0,0,0,0,60.2
2026.07.16 16:16:03,333853066,EURUSDm,buy,in,0.03,1.14427,580262300,0,0,0,0,60.2
2026.07.16 16:19:43,333855319,EURUSDm,sell,out,0.03,1.14404,580264456,0,0,0,-0.69,59.51
2026.07.16 16:24:16,333858585,EURUSDm,sell,out,0.03,1.14363,,0,0,0,-4.05,55.46
2026.07.16 19:04:15,333916373,EURUSDm,buy,in,0.02,1.14397,580323951,0,0,0,0,55.46
2026.07.17 08:34:01,334083094,EURUSDm,buy,in,0.04,1.14423,580491915,0,0,0,0,55.46
2026.07.17 10:23:19,334115984,EURUSDm,sell,out,0.04,1.1434,,0,0,0,-3.32,52.14
2026.07.17 10:25:50,334116582,EURUSDm,sell,out,0.02,1.14321,580531608,0,0,0,-1.52,50.62
2026.07.20 08:45:07,334681307,EURUSDm,buy,in,0.04,1.14411,581133755,0,0,0,0,50.62
2026.07.20 08:45:51,334681587,EURUSDm,buy,in,0.04,1.14417,581134029,0,0,0,0,50.62
2026.07.20 09:03:49,334686933,EURUSDm,sell,out,0.04,1.14366,581139582,0,0,0,-2.04,48.58
2026.07.20 09:07:16,334689106,EURUSDm,sell,out,0.04,1.14337,,0,0,0,-2.96,45.62
2026.07.20 10:59:25,334723288,EURUSDm,buy,in,0.04,1.14324,581178638,0,0,0,0,45.62
2026.07.20 12:13:36,334768957,EURUSDm,sell,out,0.04,1.14233,581227199,0,0,0,-3.64,41.98
2026.07.21 08:02:55,335112087,EURUSDm,sell,in,0.04,1.14221,581590157,0,0,0,0,41.98
2026.07.21 09:11:39,335137244,EURUSDm,sell,in,0.04,1.14205,581624287,0,0,0,0,41.98
2026.07.21 09:38:15,335146536,EURUSDm,buy,out,0.04,1.14275,581636180,0,0,0,-2.8,39.18
2026.07.21 14:55:29,335306440,EURUSDm,buy,out,0.04,1.14065,581833009,0,0,0,6.24,45.42
2026.07.22 07:02:02,335537797,EURUSDm,buy,in,0.04,1.14112,582150058,0,0,0,0,45.42
2026.07.22 07:05:27,335539128,EURUSDm,buy,in,0.02,1.141,582151498,0,0,0,0,45.42
2026.07.22 07:35:32,335550746,EURUSDm,sell,out,0.04,1.14133,582163854,0,0,0,0.84,46.26
2026.07.22 07:35:32,335550747,EURUSDm,sell,out,0.02,1.14133,582163855,0,0,0,0.66,46.92
2026.07.22 08:36:26,335574749,EURUSDm,sell,in,0.02,1.14097,582188382,0,0,0,0,46.92
2026.07.22 10:59:09,335618417,EURUSDm,sell,in,0.03,1.14039,582232314,0,0,0,0,46.92
2026.07.22 13:21:17,335689153,EURUSDm,buy,out,0.03,1.14149,,0,0,0,-3.3,43.62
2026.07.22 13:31:20,335697344,EURUSDm,buy,out,0.02,1.14193,582311968,0,0,0,-1.92,41.7
2026.07.23 06:50:51,335957391,EURUSDm,sell,in,0.03,1.14266,582589748,0,0,0,0,41.7
2026.07.23 07:21:28,335974238,EURUSDm,buy,out,0.03,1.14266,582606681,0,0,0,0,41.7
2026.07.24 10:31:50,336464216,EURUSDm,sell,in,0.02,1.13902,583118868,0,0,0,0,41.7
2026.07.24 11:31:01,336482986,EURUSDm,sell,in,0.02,1.13813,583138547,0,0,0,0,41.7
2026.07.24 11:32:02,336483364,EURUSDm,buy,out,0.02,1.13825,583138931,0,0,0,-0.24,41.46
2026.07.24 12:54:13,336518474,EURUSDm,buy,out,0.01,1.13698,583178490,0,0,0,2.04,43.5
2026.07.24 15:40:01,336622434,EURUSDm,sell,in,0.05,1.13883,583296970,0,0,0,0,43.5
2026.07.24 17:07:41,336651768,EURUSDm,buy,out,0.01,1.13743,583327392,0,0,0,1.59,45.09
2026.07.24 17:07:41,336651769,EURUSDm,buy,out,0.05,1.13743,583327393,0,0,0,7,52.09
2026.07.27 07:23:28,337009433,EURUSDm,sell,in,0.02,1.14065,583715966,0,0,0,0,52.09
2026.07.27 12:15:12,337138728,EURUSDm,buy,out,0.01,1.13852,583848077,0,0,0,2.13,54.22
2026.07.27 14:48:23,337257381,EURUSDm,buy,out,0.01,1.13743,583970171,0,0,0,3.22,57.44
2026.07.28 07:59:42,337545722,EURUSDm,sell,in,0.02,1.13646,584257068,0,0,0,0,57.44
2026.07.28 08:14:27,337557624,EURUSDm,sell,in,0.02,1.13674,584268557,0,0,0,0,57.44
2026.07.28 08:43:14,337571693,EURUSDm,sell,in,0.05,1.13697,584282337,0,0,0,0,57.44
2026.07.28 09:00:56,337578181,EURUSDm,buy,out,0.05,1.13737,,0,0,0,-2,55.44
2026.07.28 11:19:13,337648308,EURUSDm,sell,in,0.05,1.13613,584357109,0,0,0,0,55.44
2026.07.28 11:23:36,337650348,EURUSDm,buy,out,0.05,1.1364,,0,0,0,-1.35,54.09
2026.07.28 13:08:25,337700900,EURUSDm,sell,in,0.05,1.13684,584413174,0,0,0,0,54.09
2026.07.28 13:15:26,337703037,EURUSDm,sell,in,0.04,1.1366,584415340,0,0,0,0,54.09
2026.07.28 13:49:19,337731534,EURUSDm,buy,out,0.04,1.1372,,0,0,0,-2.4,51.69
2026.07.28 13:49:51,337732255,EURUSDm,buy,out,0.02,1.13745,,0,0,0,-1.42,50.27
2026.07.28 14:04:59,337740194,EURUSDm,buy,out,0.05,1.13747,,0,0,0,-3.15,47.12
2026.07.28 14:04:59,337740199,EURUSDm,buy,out,0.02,1.13746,584456890,0,0,0,-2,45.12
2026.07.28 14:08:53,337743649,EURUSDm,sell,in,0.04,1.13721,584460210,0,0,0,0,45.12
2026.07.28 14:52:14,337778213,EURUSDm,buy,out,0.04,1.13804,584493384,0,0,0,-3.32,41.8
2026.07.29 07:25:13,338058564,EURUSDm,buy,in,0.04,1.13975,584774433,0,0,0,0,41.8
2026.07.29 09:39:52,338106065,EURUSDm,sell,out,0.04,1.1392,,0,0,0,-2.2,39.6
2026.07.31 08:22:14,339288542,EURUSDm,buy,in,0.08,1.15122,586070331,0,0,0,0,39.6
2026.07.31 08:29:59,339292933,EURUSDm,sell,out,0.08,1.15074,586074555,0,0,0,-3.84,35.76
2026.07.31 08:41:37,339299485,EURUSDm,buy,in,0.08,1.1507,586081174,0,0,0,0,35.76
2026.07.31 08:45:51,339300922,EURUSDm,buy,in,0.01,1.15101,586082762,0,0,0,0,35.76
2026.07.31 09:22:39,339317166,EURUSDm,buy,in,0.02,1.15187,586101469,0,0,0,0,35.76
2026.07.31 09:23:18,339318028,EURUSDm,buy,in,0.02,1.1516,586102241,0,0,0,0,35.76
2026.07.31 09:25:08,339319140,EURUSDm,sell,out,0.02,1.15131,,0,0,0,-1.12,34.64
2026.07.31 09:25:08,339319141,EURUSDm,sell,out,0.02,1.15131,,0,0,0,-0.58,34.06
2026.07.31 09:44:39,339327075,EURUSDm,sell,out,0.08,1.15036,586111435,0,0,0,-2.72,31.34
2026.07.31 09:44:52,339327162,EURUSDm,sell,out,0.01,1.15032,,0,0,0,-0.69,30.65
2026.07.31 09:52:24,339330204,EURUSDm,buy,in,0.1,1.1508,586114750,0,0,0,0,30.65
2026.07.31 09:57:53,339331621,EURUSDm,buy,in,0.1,1.15064,586116460,0,0,0,0,30.65
2026.07.31 10:18:10,339339102,EURUSDm,sell,out,0.1,1.15027,586124072,0,0,0,-3.7,26.95
2026.07.31 10:18:23,339339183,EURUSDm,sell,out,0.1,1.15026,,0,0,0,-5.4,21.55
2026.08.01 09:40:01,339621773,undefined,balance,undefined,undefined,,,0,0,0,-21,0.55
Balance:,undefined,undefined,0.55,undefined,undefined,Free Margin:,,undefined,0.55,0,0,undefined
Credit Facility:,undefined,undefined,0,undefined,undefined,Margin:,,undefined,0,0,0,undefined
Floating P/L:,undefined,undefined,0,undefined,undefined,Margin Level:,,undefined,0,0,0,undefined
Equity:,undefined,undefined,0.55,undefined,undefined,,,undefined,undefined,0,0,undefined
Results,undefined,undefined,undefined,undefined,undefined,,,undefined,undefined,0,0,undefined
Total Net Profit:,undefined,undefined,-224.49,Gross Profit:,undefined,,353.19,Gross Loss:,undefined,0,-577.68,undefined
Profit Factor:,undefined,undefined,0.611394,Expected Payoff:,undefined,,-0.721833,undefined,undefined,0,0,undefined
Recovery Factor:,undefined,undefined,-0.999911,Sharpe Ratio:,undefined,,0.006028,undefined,undefined,0,0,undefined
Balance Drawdown:,undefined,undefined,undefined,undefined,undefined,,,undefined,undefined,0,0,undefined
Balance Drawdown Absolute:,undefined,undefined,224.49,Balance Drawdown Maximal:,undefined,,224.51 (1443.79%),Balance Drawdown Relative:,undefined,0,1443.79% (224.51),undefined
Total Trades:,undefined,undefined,311,Short Trades (won %):,undefined,,159 (40.88%),Long Trades (won %):,undefined,0,152 (25.00%),undefined
